﻿f_name,l_name,dob,gender,department,employment_date,phone,email
Jeffrey,Dennis,01-06-1970,Female, Administration,05-01-2006,8504057800,weomma@peroeli.kz
Iva,Woods,01-12-1973,Female, Project,30-01-2004,6465197814,hianko@ulunivvo.mc
Steve,Palmer,01-04-1972,Female, Procurement,21-08-2005,8166031842,sorug@bajirile.ae
Shawn,Garza,14-01-1970,Female, Marketing & Proposals,17-03-2006,5877669486,urju@su.bb
Adeline,Crawford,30-05-1984,Female, Quality,02-02-2005,2007724367,umi@kivucag.mn
Carolyn,Morgan,15-02-1988,Male, Quality,06-12-2007,3878498647,jefemgu@ozbopo.li
Christine,Baldwin,21-05-1973,Female, Store,02-08-2000,8217728025,amise@iv.vu
Daniel,Simon,28-10-1986,Male, Inspection,14-08-2002,8002765368,agisi@nikkuk.gov
Virgie,Casey,23-03-1977,Male, Project,05-11-2000,9893344324,ker@barhezona.cg
Jean,Bass,28-08-1989,Female, Marketing & Proposals,24-11-2002,3137059242,okeliviru@jagejuv.il
Cornelia,Hanson,19-07-1971,Female, Account,25-04-2002,5255334170,revug@nehkot.ca
Maurice,Woods,29-09-1979,Male,Maintenance,23-01-2006,7877527179,van@her.as
Frances,Armstrong,21-09-1975,Male, Project,01-05-2002,6452809223,bakmub@itu.cm
Bill,Holmes,19-08-1985,Female, Sales,10-04-2005,7609234798,wuk@il.ni
Alfred,Jennings,27-01-1973,Female, Project,20-05-2003,7809662501,ab@wem.fj
Cole,Bradley,12-09-1972,Male, Project,04-12-2006,6483014763,uhbawil@pirbude.bs
Ricky,Duncan,03-03-1972,Male, Dispatch,22-08-2003,9692411591,viodjiv@kajume.es
Ann,Gray,16-09-1975,Female, Information Technology,05-02-2001,6559811200,zasawme@ku.bm
Vernon,Snyder,18-02-1976,Female, Store,17-06-2000,5056036127,okgu@leuflo.sz
Jeremy,Green,28-03-1990,Female, Dispatch,09-02-2001,9828364566,hoefu@vaholuf.nz
Floyd,Gregory,16-01-1975,Male, Marketing & Proposals,04-09-2007,6394556241,geb@uwe.gg
Helena,Higgins,16-10-1978,Male, Administration,23-07-2001,8065603493,adoihob@biljo.cy
Mary,Cox,05-06-1970,Male, Sales,07-03-2001,7793306493,pawnuk@jeinofac.iq
Ethel,Singleton,11-04-1975,Male, Dispatch,26-05-2007,2153457413,asu@arlegpa.rs
Lola,Bridges,06-10-1990,Male, Project,06-11-2002,8025363292,joc@vif.py
Helen,Fleming,10-04-1975,Female, Account,10-10-2004,2112245309,dahejut@difwaj.do
Ann,Saunders,09-09-1990,Male, Sales,05-12-2005,4236363252,lico@wos.io
Louisa,McDonald,13-02-1970,Male, Quality,24-05-2004,3392008079,los@comnor.bh
Katharine,Kelley,01-11-1984,Female,Maintenance,29-07-2001,9488425690,afjufjij@um.td
Cora,Zimmerman,15-11-1972,Female, Designing,12-02-2006,9559352028,kufsogho@mabapra.hk
Edward,Thomas,12-05-1972,Male, Security,21-06-2007,9462336580,awfod@rucfukcup.bh
Gene,Taylor,19-11-1978,Male,Maintenance,11-06-2004,8868638071,dudaro@jojot.je
Russell,Curry,31-08-1983,Male, Security,19-06-2003,6306103845,zutij@zedimov.id
Keith,Jefferson,28-09-1984,Female, Procurement,29-06-2007,5139728486,ipiti@gurur.us
Alta,Adams,12-07-1974,Male, Research & Development,29-07-2000,4536868270,pavjito@tinom.md
Jack,Abbott,14-06-1974,Female, Security,11-04-2005,2012918138,ebnud@nonosah.la
Lydia,Beck,13-11-1975,Female, Information Technology,27-05-2006,4288977910,luagaef@cantuvrih.dm
Bertie,Medina,17-11-1986,Male, Account,11-11-2006,9353121980,fad@ful.mk
Eula,Curry,10-05-1978,Male, Information Technology,01-01-2007,5405935483,tizeuta@wigmohok.hk
Devin,Austin,21-12-1990,Female, Research & Development,11-04-2004,7864002289,cehov@fi.sy
Bradley,Walton,25-07-1978,Male, Dispatch,21-07-2002,9225541134,gasfehti@sin.at
Florence,Bass,26-12-1976,Male,Maintenance,26-12-2000,3648551939,ocezbum@uhpub.gu
Nathan,George,09-02-1975,Female, Dispatch,29-05-2001,4569999831,mewki@runviw.mh
Essie,Doyle,04-05-1983,Male, Human Resource,28-07-2003,2234822273,kaznu@zetale.sj
Gavin,Peterson,27-10-1989,Male, Production,24-04-2002,5763644392,tijik@pewiz.gd
Leroy,Cox,10-07-1986,Female, Research & Development,14-06-2001,3034336896,wiram@cu.cu
Lettie,Stone,20-11-1975,Female, Administration,31-03-2001,8084813046,je@zanbih.tr
Cora,Lopez,09-04-1978,Female, Project,23-03-2001,5414802736,rowu@ajovik.gu
Joseph,Hoffman,20-01-1975,Female, Marketing & Proposals,18-05-2005,8322795449,pubo@wojmotuk.ca
Harriett,Cobb,19-12-1985,Female, Packaging,07-08-2001,9507097549,jamer@ra.fr
Derrick,Murphy,14-03-1989,Female, Quality,03-08-2006,2593637137,sifonu@joh.kh
Lois,Cobb,08-01-1985,Female, Research & Development,23-07-2006,3288361357,bel@wirpu.cr
Adeline,Hampton,06-11-1973,Female, Store,31-08-2001,4633565149,hibcuc@lemhehar.bo
Edwin,Goodwin,19-05-1988,Male, Information Technology,18-11-2004,4415864419,se@bevat.km
Cornelia,Webster,31-10-1979,Male, Research & Development,08-08-2005,4834513125,do@fakci.it
Lillie,Jackson,31-03-1978,Male, Quality,29-04-2004,8502273303,tibum@bejfabaf.ws
Harriet,Ryan,11-05-1989,Female, Project,07-05-2000,7553052409,mot@zu.dm
Rachel,Foster,16-06-1984,Male, Dispatch,11-05-2001,5015649753,fib@lurvo.vn
Rena,Griffith,02-09-1980,Male, Packaging,29-10-2004,2805943592,eduaniz@ficep.sh
Francis,Wise,19-11-1973,Female, Account,09-08-2002,2825087489,bognodeb@di.mh
Mathilda,Perkins,23-10-1973,Female, Account,08-10-2005,3338399036,kir@net.ac
Landon,Stanley,10-06-1977,Female, Procurement,27-06-2006,4113201935,de@afa.cg
Mollie,Richardson,09-01-1970,Male, Account,30-10-2002,6497566136,hegjozwo@cajre.so
Eva,Harmon,20-01-1980,Male, Information Technology,28-03-2001,7332522346,abageewe@se.py
Adrian,Oliver,30-07-1985,Male,Maintenance,19-03-2003,8682498904,kuc@toje.kp
Ian,Tate,15-12-1983,Male, Inspection,26-07-2002,5543911956,eglu@cohbe.ca
Jared,Sandoval,09-03-1990,Female, Research & Development,01-11-2005,6628039540,patjelpak@haehcew.sc
Jose,Gonzales,26-07-1987,Male, Store,08-05-2001,9734379870,hahsawu@hapvor.jo
Randall,Shelton,16-11-1990,Female, Production,28-02-2000,8644236576,enazi@lunnedzad.gg
Harvey,Mack,12-01-1988,Female, Quality,11-08-2002,4183124804,womunuve@vev.zm
Martha,Marshall,02-01-1974,Female, Research & Development,15-03-2003,3528281309,hega@vuze.bn
Adelaide,Herrera,29-01-1989,Female, Human Resource,02-12-2007,3794417037,valvufol@sep.tz
Madge,Ryan,07-06-1988,Female, Store,13-05-2004,8483914897,nodcum@lut.ps
Charlie,Malone,05-06-1985,Male, Research & Development,20-06-2002,5405388539,hag@buimuno.mr
Sara,Gibbs,20-01-1978,Female, Packaging,23-01-2002,7443506527,ekekib@hipen.kw
Alfred,Miller,04-01-1980,Female, Project,04-05-2002,2405844908,pifmara@ukfevjuz.cu
Nora,Bell,04-09-1978,Female, Finance,08-06-2003,3869619701,fug@zewgac.bh
Anthony,Payne,25-10-1984,Female, Quality,26-12-2005,5006528327,bijegta@abgu.ar
Tony,Gutierrez,20-04-1980,Male, Administration,15-10-2003,9488402186,pew@fadi.ye
Essie,Daniels,18-03-1972,Male, Information Technology,07-01-2004,3425881645,zuljogdi@bejuriivi.fr
Marion,Stevenson,01-11-1979,Female,Maintenance,05-01-2007,2254939979,milzehwu@nuvkop.ci
Jared,Wolfe,11-11-1975,Female, Security,27-07-2005,6726204960,nuf@sos.mr
Aiden,Simon,26-07-1974,Male, Information Technology,07-10-2004,9074854669,odozrob@sih.kp
Adrian,Allen,04-08-1985,Male, Production,25-04-2007,6409657518,li@vo.kg
Mollie,Powers,12-08-1979,Female, Store,22-01-2001,3225545933,motitdi@fora.hk
Fanny,Love,26-03-1982,Female, Human Resource,27-10-2002,3464448126,bodfab@hecesa.org
Edwin,Perkins,06-04-1973,Male, Sales,30-05-2005,8858441392,ozujo@ihazo.im
Maude,Olson,13-12-1974,Female, Human Resource,22-03-2001,9579902912,retebo@hilkekke.rs
Alma,Byrd,20-01-1979,Female, Account,16-02-2002,7575828597,vi@vakno.kp
Walter,Paul,29-09-1976,Female, Dispatch,14-01-2004,7488185479,usooguol@ta.bh
Gene,Goodwin,04-07-1971,Male, Sales,29-11-2002,4309151709,de@wer.gd
Georgia,Keller,04-10-1989,Female,Maintenance,16-04-2001,4565439073,rappiiru@an.hn
Marguerite,Willis,11-08-1981,Female, Finance,09-05-2001,4172601779,ro@agociljic.hn
Bradley,Lawrence,11-04-1975,Male, Production,23-07-2002,3736577487,roredzun@huaza.mp
Cole,Casey,13-06-1984,Male, Administration,18-12-2005,2007553433,nepeke@peceh.it
Don,Bennett,19-05-1975,Male, Procurement,18-07-2002,4213623394,maf@wosowgo.se
Mattie,Copeland,26-03-1977,Male, Project,13-02-2003,4207254946,sofu@uhihag.md
Herman,Lynch,17-11-1971,Female, Administration,04-02-2003,9575694044,je@tuhel.gd
Olga,Aguilar,08-09-1984,Male,Maintenance,01-09-2001,3283019673,enabo@toddabsu.com
Nicholas,Flowers,01-02-1977,Female, Designing,14-07-2003,8296225053,ut@galigo.jo
Hilda,Boone,26-10-1982,Female, Information Technology,17-04-2004,5624371179,fejdidnuh@ef.bo
Ricardo,Guzman,16-09-1985,Male, Store,13-05-2006,2858832243,od@ronukab.hn
Nettie,Adkins,27-02-1990,Male, Production,14-05-2004,7456256806,oz@louro.vi
Nelle,Ellis,13-02-1985,Female, Research & Development,02-11-2007,3245493712,id@bazi.al
Lester,Tucker,07-09-1975,Female, Administration,20-05-2005,8146162911,soli@anhezu.vu
Mittie,King,25-04-1981,Male,Maintenance,13-03-2003,9189041733,sizeg@gevwihof.lr
Fanny,Floyd,19-02-1974,Female, Information Technology,24-09-2007,9122169222,lihido@fib.eu
Tony,Benson,18-03-1990,Female, Designing,19-04-2002,6428359632,hob@evudulel.net
Gilbert,Christensen,30-04-1985,Female, Designing,25-02-2004,7377828548,litifij@mah.hm
Luke,Cox,08-02-1986,Female, Research & Development,27-06-2004,6243584630,umu@vi.vg
Elnora,Floyd,02-03-1987,Male, Account,16-04-2001,4489666366,jit@hukcu.ir
Jesus,Rogers,28-08-1988,Female, Project,13-03-2001,8844827145,ruvozroz@mac.fm
Jackson,George,27-10-1974,Female,Maintenance,29-07-2007,9026517982,haj@hitoj.si
Susan,Bush,06-03-1989,Male, Security,25-03-2000,3402171707,negfauk@famiup.pf
Ronald,Welch,26-01-1988,Female, Designing,11-09-2001,8807114273,cuv@ga.id
Gary,Holloway,08-05-1970,Male, Marketing & Proposals,27-07-2007,4733686711,lidgucbuj@uw.ch
Aaron,Peterson,12-01-1980,Female, Administration,30-11-2001,7487455154,sihiboeli@how.tm
Gussie,Owen,20-01-1980,Female, Inspection,22-05-2001,5032901619,zuthapu@nommimih.ke
Samuel,Ball,07-07-1987,Female, Project,28-05-2000,7017128793,ofdoga@gi.ma
Ruby,Olson,13-01-1972,Male, Project,06-07-2006,7556205898,ozja@ose.ye
Roxie,Oliver,17-04-1986,Male, Marketing & Proposals,24-06-2005,5024784274,zemir@zuwemzi.sx
Mittie,Robertson,07-08-1988,Male, Dispatch,10-01-2007,3198836081,nejpabav@pa.bf
Terry,Pittman,01-01-1970,Female, Dispatch,08-01-2006,5446544682,culij@ine.bh
Bill,Garza,15-08-1984,Male, Packaging,28-04-2006,8644675500,duwev@uju.jo
Jose,Jensen,04-01-1986,Female, Security,30-07-2002,7859504565,jimpab@haco.es
Eunice,Hunt,24-10-1985,Female,Maintenance,19-04-2005,5262472938,tevre@nunopmi.la
Mae,Brady,30-08-1988,Female, Account,21-04-2004,9727618769,pawifaku@faha.fr
Ricky,Lane,25-09-1985,Male, Research & Development,24-02-2006,7366582259,kuma@bivedahi.gb
Cameron,Copeland,19-12-1979,Female, Security,20-04-2002,2022271085,jewo@zuiz.ai
Russell,Mendez,27-08-1990,Female, Dispatch,19-12-2004,4452721105,tig@vew.to
Jay,Young,30-05-1972,Female, Marketing & Proposals,20-04-2002,7095242742,gej@fir.hn
Miguel,Byrd,15-03-1981,Male,Maintenance,12-09-2005,7778874807,peseba@soew.bb
Bruce,Campbell,29-10-1971,Female, Research & Development,27-09-2000,7567576491,dute@tas.rw
Inez,Hanson,03-11-1974,Male,Maintenance,22-01-2004,8234561361,niz@seduij.kh
Vera,Barton,14-01-1975,Male, Production,17-04-2000,6007258539,muc@avi.ge
Mabelle,Russell,30-06-1972,Male, Designing,08-01-2006,6094433697,etpi@elo.tf
Ray,Gordon,07-05-1980,Female, Quality,30-09-2001,3842969669,muil@leced.cc
Edwin,Holland,13-04-1986,Female, Procurement,11-05-2004,3208243217,sojsotpak@fifi.sa
Mamie,Salazar,21-09-1981,Female, Dispatch,21-04-2003,3242827729,mejomu@wehim.mz
Oscar,Stewart,02-11-1990,Female, Store,02-10-2005,3038921518,ziv@nodrubiv.at
Lettie,Powers,24-09-1978,Female, Production,10-09-2004,5648151416,li@voiv.lt
Maurice,Andrews,17-12-1979,Female, Inspection,23-08-2001,4434401386,orku@va.cz
Marcus,Parsons,20-05-1989,Male, Information Technology,03-12-2007,4592749051,pur@cahoegu.pw
Lucinda,Love,09-08-1978,Female, Human Resource,01-12-2005,6379916417,zoban@tev.pa
Celia,King,25-07-1983,Female, Finance,08-05-2002,6266911727,lak@lo.io
Marguerite,Barnett,08-10-1978,Male, Packaging,09-05-2003,6316807699,vum@pozkon.su
Charlotte,Wade,02-04-1982,Male, Procurement,26-12-2005,6064241855,raz@duclo.ag
Fanny,Yates,21-06-1986,Male, Account,30-08-2002,2508213997,et@hef.fm
Carolyn,Wells,09-02-1979,Female, Administration,08-04-2004,5123802033,bifu@rofalpah.si
Rebecca,Atkins,29-09-1979,Female, Account,27-03-2003,7287405935,dan@di.vi
Sally,Cobb,13-06-1977,Male, Security,31-12-2000,5867166518,penin@nunpuno.se
Arthur,Burke,20-05-1977,Male, Administration,19-04-2002,2028519181,osmah@nu.mc
Marguerite,Moody,10-09-1985,Male, Account,14-02-2000,2097573372,fu@zid.gd
Charlotte,Saunders,22-06-1984,Male, Designing,23-11-2003,5368525034,atdotmug@as.cu
Christian,Fleming,05-01-1990,Female, Procurement,09-06-2003,7355418219,ro@kozevve.tl
Mark,Sherman,02-02-1985,Female, Account,15-04-2006,8566226074,ropru@suc.hk
Madge,Walsh,09-11-1985,Male, Information Technology,19-07-2002,7109262980,cimacapo@weup.mq
Edith,Allen,28-12-1980,Male, Account,07-09-2003,3728292929,va@efevi.ee
Julia,Parker,05-10-1971,Female, Administration,02-12-2007,7808736385,povetunam@dolsovmab.eh
Hattie,Malone,30-08-1979,Male, Procurement,05-05-2005,3433913163,lize@su.ck
Cole,Spencer,10-05-1988,Female, Procurement,13-04-2005,3727957647,ibnopvut@lac.bo
Scott,Garrett,14-07-1978,Female, Sales,23-09-2005,4722641569,se@na.ae
Mario,Sanchez,23-12-1980,Male, Quality,11-12-2005,8478935532,nabhubde@ba.jo
Georgie,Olson,21-10-1970,Female,Maintenance,28-12-2005,2467321220,lenez@rinbid.cc
Leo,Clayton,09-12-1972,Male, Packaging,30-06-2003,5718208720,fuhbeci@ganohdeh.cw
Rosie,Pope,27-04-1971,Female, Quality,10-05-2000,8842272482,kobapikik@he.io
Anthony,Ryan,07-06-1974,Female, Human Resource,08-03-2005,6865641304,usigo@jofivmu.gu
Nannie,Buchanan,09-02-1981,Male, Store,04-03-2007,9656567122,dojga@luc.vg
Ora,Dixon,25-09-1979,Female, Quality,17-11-2001,4514823170,ir@fo.ki
Nellie,Richardson,13-08-1977,Male, Production,15-03-2000,6185778935,masha@filmavfe.lt
Russell,Pittman,08-08-1990,Male,Maintenance,24-09-2005,5093805674,oc@viozosew.mg
Jacob,Horton,23-06-1972,Male, Dispatch,28-08-2003,7716136123,nubemzov@uvmavaj.org
Marguerite,Fisher,11-04-1981,Male, Information Technology,11-10-2005,9493054823,luicaufa@seg.su
Jeanette,Wong,06-05-1989,Female, Security,30-10-2004,5322127538,lucle@naesu.mq
Helena,Glover,29-10-1980,Male, Information Technology,13-11-2006,6665133748,viwe@ewa.om
Chester,Maldonado,14-01-1988,Female, Inspection,24-02-2004,7574395909,muv@bo.sb
Lloyd,Patton,20-09-1975,Male, Finance,08-11-2003,5249935563,fehadmuz@pivop.an
Warren,Bass,15-06-1981,Female, Packaging,20-11-2004,3494673757,cavip@toplas.rw
Marvin,Payne,14-07-1979,Male, Quality,17-06-2007,4153595561,ri@lobvub.va
Andrew,Fields,01-02-1971,Female, Security,13-09-2002,6535997802,bajkog@fisab.kr
Loretta,Turner,21-06-1980,Male, Inspection,10-04-2005,8415338091,hultu@ri.pa
Maude,Wilson,24-11-1979,Female, Sales,22-11-2002,6855259018,ziazolep@nawhud.tr
Stephen,Pratt,12-04-1975,Female, Dispatch,18-02-2006,8203586370,kefmowaw@legeg.sj
Gene,Richards,14-08-1977,Female, Project,25-04-2007,6427052408,zeszotug@tin.com
Flora,Robbins,15-05-1975,Female, Security,21-01-2001,4242707937,poh@haad.km
Bertha,Bennett,18-07-1983,Male, Quality,24-03-2001,5803166516,hi@lu.ls
Tillie,Castro,06-02-1974,Male, Administration,17-02-2004,6308945068,lonogifi@pi.aq
Fanny,Shelton,03-07-1977,Female, Human Resource,08-02-2002,4458525284,wel@bicurdir.gw
Christian,Conner,05-06-1989,Female, Information Technology,06-10-2001,5197285007,ge@adofuhepe.dm
Walter,Griffin,01-04-1987,Female, Project,18-12-2005,8104712052,vucidga@le.gy
Tony,Rios,22-09-1970,Male, Security,07-11-2004,4382365484,fo@ed.co.uk
Flora,Scott,07-07-1987,Female, Finance,04-01-2002,7522888092,iv@vej.se
Brent,Hubbard,20-02-1975,Female, Procurement,09-06-2005,6772831767,avupa@goosaju.rw
Russell,Jennings,27-06-1979,Male, Account,29-08-2003,4744401759,umadov@fiupmu.pw
Duane,Colon,12-02-1971,Female, Designing,21-09-2006,8262298345,foonur@etinifpow.gb
Curtis,Turner,23-07-1990,Female, Production,03-03-2000,5155861290,gulgeku@jof.tf
Cecilia,Zimmerman,17-04-1987,Male, Security,25-08-2003,3235173573,basozrir@vol.st
Jayden,Potter,12-06-1975,Female, Marketing & Proposals,28-07-2000,2446116717,jevkubcuj@wud.kw
Grace,Hamilton,21-05-1989,Female, Human Resource,26-11-2004,3222438347,mutev@wakne.la
Patrick,Cortez,05-08-1973,Female, Quality,01-12-2007,6642992414,amaku@fez.gu
Eula,Taylor,05-11-1977,Male, Marketing & Proposals,27-11-2004,6435682200,ejateb@uz.pt
Jay,Massey,13-10-1990,Female, Designing,04-04-2000,6528316669,sule@noc.ne
Ronald,Williamson,22-07-1989,Male, Procurement,01-04-2006,2384024925,neiwaji@nig.cu
Myrtle,Ferguson,01-04-1970,Male, Human Resource,27-04-2001,7066062256,kaznikhi@vuwob.bb
Gary,Blair,20-08-1986,Male, Procurement,17-01-2007,5048837347,jo@zalfotuh.za
Paul,Moreno,11-02-1974,Female, Quality,24-02-2006,2852749989,kadonfi@lene.af
Jeffrey,Powers,25-04-1990,Male, Inspection,27-08-2000,7753167257,okalu@ece.mu
Albert,Carpenter,10-05-1974,Female, Quality,31-08-2005,4137184008,rebjage@meli.rw
Minnie,Chambers,16-10-1978,Male, Production,13-10-2004,5525038636,kogob@isolokri.pr
Ollie,Sherman,11-09-1974,Female, Production,10-08-2004,5332992101,pile@vepik.jp
Ruby,Neal,03-12-1973,Male, Administration,30-01-2004,8519996392,ra@an.sr
Essie,Barker,15-08-1976,Female, Administration,15-04-2004,7498667671,padhuewe@lu.nr
Josie,Peters,07-02-1984,Male, Store,16-12-2005,4637997411,jicoor@lelazbuj.az
Harriett,Oliver,27-07-1975,Female, Marketing & Proposals,19-04-2004,2029393991,zalwaj@fewnaduz.gy
Estella,Baker,21-02-1970,Female, Designing,02-04-2001,7275771042,zo@jadad.so
Brian,Burton,27-11-1983,Female, Procurement,27-01-2004,6205894794,cibi@ganufun.sl
Leah,Cunningham,15-09-1975,Female, Procurement,23-02-2005,6105657199,jegoffa@elgi.as
Francisco,Stewart,20-08-1979,Male, Production,09-05-2004,2635821394,ri@ofpo.il
Gavin,Clarke,25-02-1977,Male, Procurement,11-06-2004,6042358680,agazib@faral.tl
Cameron,Simmons,01-09-1970,Male, Research & Development,13-05-2001,6897476550,pethad@rolvimva.dz
Rodney,Matthews,30-09-1988,Male, Production,27-11-2007,3588221859,kaime@vaamobi.mp
Roxie,Ray,28-01-1979,Female, Administration,08-01-2000,7304048888,sa@sic.cy
Victoria,Hill,28-07-1987,Male, Dispatch,26-03-2004,7022658782,elihuvak@he.cz
Clifford,McCormick,10-02-1981,Female, Packaging,24-02-2007,2382497633,zo@jozensog.et
Cecilia,Schwartz,20-07-1973,Female, Designing,18-09-2002,4654351309,edpuh@sewvod.ad
Violet,Munoz,28-01-1981,Male, Procurement,29-05-2006,9573943668,ticdewasi@teret.gl
Lillie,Ruiz,02-07-1986,Male, Quality,13-05-2005,4055211168,fok@jisupga.gs
Matthew,Hanson,04-06-1984,Female, Dispatch,08-01-2002,8766799069,wedo@fo.mq
Jeremiah,Price,13-10-1982,Male, Packaging,28-04-2004,8012671530,vekudew@niviz.gw
Bill,Romero,07-06-1982,Female, Dispatch,12-01-2003,4685961179,ojmu@gupot.no
Nicholas,Peters,06-07-1988,Female, Quality,07-10-2001,8469361521,tojiwlid@fovvuzra.er
Viola,Price,07-10-1977,Male, Procurement,14-11-2003,8218059510,tikilgin@owazufnu.no
Barry,Ellis,08-11-1990,Male,Maintenance,09-09-2001,4624477685,gucjuj@da.is
Winnie,Jacobs,13-05-1984,Male, Account,10-02-2006,7192473156,voglocak@var.ci
Barry,Warren,09-01-1983,Male, Packaging,22-08-2003,7808778579,dun@bevhoc.om
Lenora,Byrd,28-01-1971,Male, Inspection,27-04-2001,8144331587,voclesa@pih.net
Celia,Day,09-06-1983,Female, Packaging,30-10-2003,9323061653,pin@puwidza.bt
Mae,Neal,02-09-1973,Male, Finance,09-09-2005,2825059746,ezgizcij@mafojaco.uk
Alfred,Anderson,27-12-1978,Female, Finance,21-10-2002,7094472529,fagtal@fufco.dz
Celia,Wagner,12-04-1989,Male, Human Resource,14-06-2005,4302776015,wokwer@vusmadek.bh
Lulu,Poole,17-08-1980,Male, Information Technology,08-08-2004,7565657556,sinanuuca@dufju.gw
Mason,Fernandez,07-04-1970,Female, Procurement,18-11-2004,4073828445,pi@pulubdi.nu
Ricky,Sullivan,20-06-1988,Male, Sales,30-05-2005,3515173568,wevgi@pavuras.kh
Elsie,Keller,01-04-1985,Male, Project,31-08-2006,5632214736,zawfuk@jucca.gw
Lester,Stokes,02-05-1978,Male, Sales,02-06-2000,9535475901,pehsokor@titbo.by
Sadie,Dean,24-04-1977,Female, Security,23-06-2000,4778848435,untajwo@vopve.sc
Martha,Lindsey,15-04-1982,Male, Project,24-09-2003,6317645849,keddakek@fo.ae
Genevieve,Lane,16-11-1987,Female, Human Resource,04-04-2004,2082319244,nougono@wuj.zw
Amanda,Rios,22-06-1974,Male, Designing,20-05-2005,2325585033,hujteca@disimoh.es
Nannie,Swanson,07-02-1984,Male, Information Technology,23-01-2006,2247867499,ema@vog.ng
Roxie,Edwards,16-12-1986,Male, Account,17-12-2006,6827012787,weznophis@nelubnas.mx
Ida,Watson,15-05-1973,Female, Sales,07-03-2006,8028135523,mucewdo@wojfeha.cu
Nina,Gordon,05-01-1983,Male, Account,10-11-2005,7087291877,jawwebnuj@mudbi.ua
Frank,Moran,13-06-1973,Male, Project,28-10-2002,5846151945,ce@wurpimpo.io
Aaron,Watson,06-07-1989,Female, Procurement,12-04-2005,7278922558,la@zepim.sv
Fannie,Harmon,19-04-1980,Male, Store,23-02-2001,7093667219,nelgemhiw@veveubi.ws
Jeremiah,Rogers,06-02-1976,Female, Quality,19-04-2000,3763275580,rikij@cirrib.bb
Birdie,Carr,03-03-1976,Female, Inspection,15-11-2006,6823937252,tun@dilemap.am
Ryan,Cain,31-12-1979,Male, Inspection,19-10-2005,5184565817,ri@sobdu.eh
Emma,Townsend,10-12-1989,Female, Research & Development,07-11-2003,4787805772,rid@kobit.fm
Stanley,Strickland,10-02-1981,Male, Marketing & Proposals,03-08-2005,5542634781,fike@rakwig.to
Mathilda,Lynch,05-04-1983,Male, Human Resource,08-07-2006,7693466347,kevzo@asoakmid.il
Francis,Roberson,08-05-1987,Female, Project,06-01-2005,7417249033,wogrej@emigozfoc.mx
Isabel,Dawson,15-12-1988,Female,Maintenance,30-11-2000,8443181967,gonjocvev@ew.nu
Katharine,Harvey,16-03-1983,Female, Human Resource,15-12-2003,5255721281,lojciwo@buv.bs
Estelle,Allen,06-01-1975,Male, Store,26-01-2006,5662918771,ehtuk@wavuz.uz
Alberta,Houston,26-01-1980,Male, Inspection,04-06-2002,7436675613,va@egveg.gi
Helen,Austin,25-02-1970,Female, Administration,05-05-2002,2827652662,loz@ob.nu
Mitchell,Wolfe,18-11-1987,Female, Project,29-12-2002,2129402785,hev@bo.au
Lela,Ingram,22-05-1990,Male, Dispatch,07-03-2001,2834984893,be@jereeji.fj
Francis,Townsend,15-02-1979,Male, Dispatch,13-07-2001,3418227670,pebacnuj@radmibug.bj
Henry,Butler,07-04-1976,Female, Designing,23-09-2002,5876913164,wusgi@kuj.co
Garrett,Wise,29-01-1981,Female, Information Technology,22-12-2000,7092645849,fuvus@occockak.ga
Teresa,Turner,26-05-1970,Male, Designing,23-02-2006,3085674536,pohiz@nel.gb
Albert,Ray,21-10-1977,Female, Inspection,29-04-2007,5686563522,ja@woifo.mo
Gerald,Marshall,17-02-1973,Female, Store,17-02-2002,6875346533,umicoh@omuvamib.tc
Ola,Hart,11-07-1985,Female, Store,07-05-2000,8886838003,bu@tuwi.so
Rena,Bailey,11-04-1989,Female, Store,07-09-2006,5617292309,jubwa@vem.ng
Eleanor,Cain,13-09-1983,Female, Security,13-04-2002,9877295688,birij@latvop.cu
Joseph,Fields,03-04-1974,Male, Account,01-08-2001,6767516159,to@ito.et
Seth,Santos,25-06-1986,Male, Marketing & Proposals,02-08-2004,4812281667,fupaeti@udvez.bv
Georgie,Harris,29-01-1987,Male, Security,24-01-2000,9525764996,ecsase@suhcez.lc
Rodney,Bradley,06-06-1970,Male, Account,10-08-2000,4847204937,laccetowe@cesipe.om
Jerome,Hampton,02-12-1981,Male, Packaging,01-02-2005,9772729498,kopbefej@fe.ag
Elijah,Armstrong,23-07-1977,Male, Store,10-10-2002,5558609062,hodafubi@giguzi.pn
Effie,Waters,12-08-1975,Female, Sales,25-04-2003,5304161541,vak@il.za
Adeline,Estrada,04-03-1971,Female, Security,06-07-2001,5847583241,ha@ut.ir
Myrtle,Carpenter,07-10-1974,Female, Research & Development,24-11-2002,4416624569,sirdelded@za.bo
Nelle,Cox,09-04-1979,Female, Quality,12-08-2000,5374703640,ike@ufogo.hk
Walter,Dunn,29-10-1977,Male, Packaging,08-01-2000,5009408658,nu@bimo.tr
Victor,Stephens,30-08-1984,Female, Store,25-07-2007,3439876420,ikfop@eboha.lk
Lettie,King,28-03-1978,Male, Research & Development,09-12-2003,5695744255,tewitap@obi.io
Maud,Zimmerman,04-12-1990,Female, Account,28-08-2001,2126895522,sese@ir.bh
Carrie,Harmon,28-02-1978,Female, Human Resource,27-12-2005,4782923949,legatek@nupargi.gf
Olive,Jackson,03-05-1977,Female, Marketing & Proposals,18-08-2001,2247456267,if@fu.ma
Nathaniel,Stewart,07-03-1975,Male, Research & Development,26-12-2000,8048343119,unote@nev.ma
Rose,Hughes,13-02-1972,Male, Procurement,15-04-2003,2494536751,piaftud@fufvek.sj
Michael,Jimenez,09-08-1988,Male, Store,29-08-2003,6663855102,pewa@di.ax
Wesley,Jacobs,01-08-1971,Male, Designing,09-07-2005,9494964874,ela@loerkug.cr
Hettie,Stone,11-10-1980,Female, Inspection,20-07-2005,7552496027,pickutus@ded.ly
Hunter,Maldonado,29-09-1981,Male, Research & Development,19-01-2001,8169159658,kel@gamsas.mp
Jennie,Pittman,13-11-1984,Female, Human Resource,21-10-2005,9459418376,wiwuri@za.wf
Chase,Snyder,14-12-1976,Female, Production,13-03-2001,4508193271,pejcah@nohiw.aq
Nathaniel,Higgins,05-09-1980,Male, Information Technology,07-05-2003,2153232984,dedohusi@kabfepmon.vu
Theodore,Lopez,07-07-1976,Male, Dispatch,24-04-2000,2168788891,gupek@wi.nu
Billy,Christensen,05-06-1986,Female, Account,13-08-2000,9365613674,rumijwu@ilofaet.sg
Evan,Green,21-12-1982,Female, Research & Development,23-10-2000,7429556065,meku@fate.tl
Myrtle,Chavez,01-12-1973,Male, Designing,27-10-2006,7846071854,nat@wevik.ke
Augusta,Osborne,29-03-1971,Female, Human Resource,12-06-2002,9289515803,pekrebisa@awpa.is
Ray,Gutierrez,23-12-1986,Female, Packaging,13-03-2003,7425278381,hef@fumaduva.ni
Mitchell,Bush,06-05-1971,Female, Quality,08-11-2003,6264082563,lo@da.rw
Phillip,Osborne,14-09-1984,Male, Procurement,11-07-2007,5574246056,luj@descav.ar
Danny,Allison,28-04-1977,Male, Finance,26-05-2000,5754677561,kumipji@aba.tl
Timothy,Daniels,26-09-1985,Female, Inspection,28-03-2001,5636116376,ecdet@ovme.km
Leah,Parker,08-04-1983,Male, Production,14-12-2001,7589199365,po@tihahar.eg
Logan,Graves,01-08-1980,Female,Maintenance,03-05-2003,5363454328,musivah@wat.to
Amanda,Harmon,01-08-1981,Male, Store,30-04-2002,9505673443,gu@uwuguh.vu
Harry,Hoffman,05-05-1988,Female, Research & Development,03-08-2007,7177479986,tikoro@abtet.gn
Gilbert,Terry,10-08-1980,Female, Inspection,04-04-2007,2644884783,obi@pokufso.ve
Eliza,Watson,26-09-1976,Male, Sales,12-01-2004,5277151756,tocew@nisuzke.ax
Benjamin,Scott,10-07-1987,Female, Human Resource,11-01-2006,3224675548,er@cewazurip.cd
Alice,Byrd,03-12-1987,Female, Administration,03-06-2000,5152945798,hehufo@gipesboz.us
Luke,Martin,12-04-1979,Male, Quality,09-07-2000,7708258500,jurun@nig.ru
Charlie,Caldwell,29-12-1978,Male, Security,10-05-2006,7138787226,jahbe@gu.ax
Edgar,Rice,03-05-1977,Female, Administration,17-11-2005,8306469748,vuono@zibit.mm
Mittie,Erickson,23-11-1971,Female, Marketing & Proposals,14-06-2007,5772534835,garzonu@tu.an
Vera,Shaw,25-09-1972,Male, Designing,09-03-2000,5687204334,nu@ekevepi.sl
Benjamin,Wallace,08-11-1981,Female, Research & Development,05-01-2002,2239539413,nufjo@lijaz.sn
Jeremiah,Green,28-04-1986,Female, Research & Development,27-06-2001,5132553426,dotakfog@vagduk.sl
Katie,Boone,25-09-1984,Male, Packaging,28-02-2001,7013958795,dappihi@pev.bs
Lillian,Beck,19-06-1990,Male, Production,30-08-2004,6143447775,cajbugzu@gahiz.vg
Maude,Perez,25-04-1976,Female, Dispatch,15-10-2001,6826873809,dujetdu@nied.mu
Steven,Allison,30-03-1982,Male, Designing,06-12-2001,9623132404,nezet@fu.kw
Stella,Tran,23-11-1972,Male, Quality,31-01-2003,2088428901,zecas@fo.vi
Billy,Henderson,27-12-1979,Male, Account,24-03-2000,7838016493,dudol@vo.fm
Inez,Haynes,16-07-1974,Male, Administration,14-04-2003,9646433146,zojkutwup@lirkib.fk
Ralph,Garner,18-06-1990,Male, Packaging,30-11-2001,3833644074,ulda@fug.az
Birdie,Matthews,21-06-1986,Female, Administration,25-02-2002,6692804377,ge@ne.jp
Danny,Sanders,27-07-1972,Female, Quality,15-08-2003,5796118989,ciklifpor@agcil.cc
Francis,Newman,02-02-1989,Female, Human Resource,07-02-2000,9138178422,cuegi@za.gov
Viola,Barnett,01-05-1976,Male, Dispatch,24-11-2006,7197756094,otekoiz@ipiagmij.gb
Lee,Brown,24-11-1985,Female, Sales,10-11-2006,8653476267,ka@wih.ps
Jeremiah,Howard,26-12-1982,Male, Packaging,22-05-2006,3162529779,vi@abe.gm
Amanda,Santiago,05-07-1990,Male, Packaging,10-06-2006,2133382054,biolug@lipuko.sn
Bernice,Daniel,16-10-1988,Female, Security,07-10-2004,7844645002,dewuhic@horno.jo
Ernest,Long,25-05-1988,Female, Quality,03-02-2004,9269427383,kusmotbob@nezev.lt
Christopher,Thornton,16-01-1979,Male,Maintenance,23-06-2002,5125177042,kafkas@ukovenavu.pg
Bertha,Russell,19-11-1974,Male, Inspection,05-05-2002,2692112395,zovesug@op.gr
Katie,Murphy,19-08-1976,Female, Account,24-09-2000,3639325561,koksadmup@fokgi.bd
Lucinda,Patrick,26-03-1981,Female, Project,24-09-2007,9624159522,ku@fiecu.li
Clifford,Davidson,24-03-1979,Female, Dispatch,03-02-2001,9455076882,borvonoh@tujoj.wf
Jennie,Pittman,29-06-1985,Male, Project,28-05-2002,3253393634,kiuci@tufijier.gd
Herbert,French,11-07-1974,Male, Human Resource,20-06-2005,5158791738,isuhi@rikuva.ga
Irene,Ross,03-07-1973,Male, Store,07-09-2006,5153056304,wa@rolozu.edu
Dollie,Jordan,11-10-1978,Female, Sales,07-04-2004,4019039936,vean@seli.kp
Rodney,McGee,18-11-1989,Male, Designing,26-11-2004,3738607796,butwil@ecbozi.bj
Rachel,Cross,27-07-1972,Male, Production,07-07-2000,2808914094,doboufe@amru.au
Etta,Poole,24-05-1987,Male, Dispatch,26-02-2004,8018112652,dabnow@iv.br
Nettie,Cooper,23-04-1980,Male, Human Resource,09-05-2001,9369609007,fiju@zul.ai
Clayton,McDaniel,22-05-1971,Female, Project,04-03-2000,3724445162,gup@ohtosih.bd
Josie,Porter,25-07-1989,Female, Administration,10-10-2000,8469308682,ekiv@wif.lc
Herman,Yates,24-04-1989,Male, Information Technology,15-07-2004,7896682383,uleum@liupa.ki
Clara,Palmer,22-11-1981,Female, Research & Development,24-02-2003,9639841513,zomadi@couski.ru
Andre,Kennedy,13-03-1979,Male, Project,31-05-2006,3746644328,ot@dahvos.at
Erik,Dixon,05-04-1972,Female, Quality,17-11-2004,3217659614,gurzepuc@da.eg
Callie,Murray,02-07-1986,Male, Procurement,07-01-2000,5897869886,imuofum@cilziffun.tw
Isabella,Allen,22-12-1973,Male, Marketing & Proposals,06-04-2003,2026449246,jiewoop@ogozu.gn
Ethan,Wilkins,16-03-1978,Male, Marketing & Proposals,07-02-2003,3452275700,ta@fo.al
Claudia,Webster,26-03-1970,Male, Production,04-11-2004,7365636245,sonwedo@ase.pw
Josephine,Norman,23-09-1974,Female, Dispatch,19-01-2007,4795348220,jem@iguravse.uy
Eliza,Townsend,11-10-1978,Female, Inspection,28-04-2003,5727553738,loesmic@jobzooku.np
Lenora,Beck,31-12-1972,Female,Maintenance,14-02-2000,3782155860,gawammel@ked.mh
Amelia,Sims,02-03-1983,Male, Account,18-05-2005,5786219116,toziga@ebwafip.mh
Bernard,Roberts,16-04-1974,Female, Administration,13-03-2005,3873429181,dovmise@dazakco.org
Charlotte,Pittman,09-12-1984,Male, Store,05-02-2004,5663657632,bo@kackajul.jp
Johnny,Atkins,19-03-1986,Female, Production,21-06-2002,4596899434,nervemin@amaon.vc
Katherine,Wheeler,30-05-1970,Female, Marketing & Proposals,19-02-2000,4793214764,zuanud@okeheab.sj
Willie,Wheeler,18-02-1980,Female, Quality,13-11-2007,7487459641,cozuvkod@doldot.su
Francis,Reeves,22-02-1988,Male, Finance,27-11-2001,2845946112,velemiw@zom.ad
Dale,Reid,13-06-1985,Female, Research & Development,25-05-2007,4368076744,maj@jefutzo.mv
Evelyn,Schultz,10-01-1989,Female, Information Technology,10-03-2004,4859564855,tuhig@ojizowi.sh
Fred,Moore,20-07-1981,Female, Security,23-06-2007,9444475643,fer@ni.et
Trevor,Wallace,30-07-1977,Female, Finance,31-07-2005,7734822903,vo@seobo.kn
Brett,Osborne,04-10-1970,Female, Store,22-05-2000,5139203964,cumas@vo.ug
Mathilda,Copeland,18-02-1983,Male, Packaging,06-04-2000,7615584947,wogahe@damogcah.et
Ricky,Kim,09-08-1977,Male, Administration,18-11-2002,6242565071,ikfehhun@fe.mw
Herbert,Moody,03-12-1974,Female, Sales,25-11-2000,6239448259,cot@er.tv
Johanna,Harmon,12-07-1976,Female, Information Technology,14-03-2002,8094933744,eduenage@li.bq
Sally,Schultz,21-11-1973,Male, Administration,15-06-2000,3448489651,enowuj@cu.ee
Henry,Cooper,20-11-1974,Male, Marketing & Proposals,08-12-2001,7456321318,dodfo@jodeta.mc
Russell,Reed,27-01-1975,Male, Designing,21-02-2000,7638784659,ecahozhu@lokihbo.vc
Roxie,Kim,26-11-1987,Female, Dispatch,04-10-2001,2322745248,icenopa@sumenweg.fo
Rosalie,Lowe,02-09-1983,Female, Packaging,07-08-2006,3409808669,hu@puuw.ly
Barbara,Hoffman,16-05-1984,Female, Packaging,18-04-2001,9498075759,cu@pucinuka.ec
Nelle,Gardner,14-09-1987,Female, Designing,20-07-2005,4862276293,lakula@vosipza.cc
Aaron,Lyons,04-06-1971,Male, Project,20-04-2005,9286894789,kohneevo@seebi.ir
Jimmy,Lawson,08-05-1971,Female, Marketing & Proposals,06-08-2007,6219438074,udteig@gipaneh.ae
Caroline,Cruz,24-01-1983,Female, Account,12-08-2002,2383318816,vebfav@tolwinob.eu
William,Munoz,19-12-1976,Male, Packaging,02-09-2001,9809131162,negco@tefi.tw
Alvin,Higgins,07-04-1988,Female, Dispatch,04-03-2006,3255411606,vuuttaz@ed.az
Harriet,Garcia,22-06-1981,Female, Account,28-03-2002,5502242697,itizohcej@cuhag.pe
Manuel,Aguilar,16-01-1975,Male, Administration,31-10-2002,6806247735,rawafbo@coboojo.an
Walter,Hicks,03-09-1985,Male, Project,28-03-2004,7252139545,li@elnu.br
Iva,Gutierrez,23-10-1979,Male, Sales,20-11-2003,7648583501,hagewdug@kofca.kp
Olivia,Ruiz,18-12-1975,Female, Security,20-03-2006,2668032812,puverdas@tarihdil.se
Adam,Buchanan,27-01-1990,Female, Designing,01-07-2003,4322507413,an@tucjipa.bh
Blake,Green,12-11-1973,Male, Research & Development,26-06-2006,2362657008,bewna@fip.gov
Ian,Hopkins,29-11-1975,Male, Inspection,11-09-2003,5238557545,sufu@lu.lr
Douglas,Harvey,06-01-1973,Male, Designing,20-12-2002,7648807997,ce@visineci.mq
Adrian,Craig,02-04-1986,Male, Project,24-06-2001,8863175402,goztuala@hatoj.tw
Lucille,Richardson,27-07-1987,Male, Account,15-06-2000,2863028206,wo@vohen.uy
Peter,Reeves,20-03-1986,Female, Packaging,04-11-2003,2818401700,wuwgawro@piut.com
Grace,Wright,21-03-1970,Male, Administration,08-05-2003,9844674128,re@suofe.ve
Earl,Mullins,13-10-1985,Female, Human Resource,28-04-2007,6352163227,ivici@disovun.ga
Hunter,Garner,29-10-1977,Male, Inspection,25-07-2005,6013243230,zupik@cal.tj
Jay,Stevenson,05-09-1971,Female, Quality,03-02-2000,2563195136,to@cevpawjo.kz
Austin,Griffin,10-07-1985,Male, Procurement,03-01-2002,9107585783,pi@pej.kz
Lawrence,Holmes,23-05-1972,Male, Production,13-02-2006,9334454997,otauh@mu.bz
Martin,Tucker,11-06-1988,Male, Research & Development,01-07-2001,9227956192,ja@witbanuh.ax
Florence,Glover,24-10-1981,Female, Research & Development,13-11-2002,7743668444,ka@sor.kp
Jerome,Cain,24-09-1989,Male, Account,13-12-2005,3388032014,fop@gam.pk
Vernon,May,14-12-1982,Female, Designing,22-11-2006,7409177631,zuk@mija.gs
Rosie,Paul,03-09-1987,Female, Production,06-06-2005,3423427798,wiv@mo.gg
Lucinda,Sims,28-01-1971,Female, Procurement,25-07-2004,6397855929,sojoj@manlecumi.sj
Isabella,Miles,30-07-1973,Male, Administration,16-12-2001,4268722498,de@rec.sh
Bernard,Schwartz,29-10-1982,Male, Sales,17-01-2002,6232586257,babiw@etuguju.si
Stephen,Murphy,23-11-1988,Male, Security,18-07-2007,8107858149,uca@kib.ae
Donald,Padilla,17-08-1977,Female, Sales,28-12-2001,2654714929,vud@sib.yt
Milton,Howard,29-12-1987,Male, Research & Development,02-08-2003,6879887258,atuzevo@or.tp
Violet,Woods,21-02-1974,Female, Finance,21-10-2004,5106319858,wizecnug@bumbup.cw
Dominic,Zimmerman,18-11-1981,Female, Production,19-09-2007,7793129913,ulnalek@pij.km
Anne,Farmer,09-02-1976,Female, Packaging,23-09-2004,4559729792,dagi@oviho.pe
Johanna,Roy,10-12-1971,Male, Marketing & Proposals,31-12-2002,7865004876,ukogfi@wewrinpi.st
Scott,Morrison,03-07-1975,Male, Finance,26-07-2006,9082074430,nosigu@pighehoz.ve
Jeff,Foster,25-06-1988,Female, Designing,10-07-2005,2332675890,ememo@rihaw.pe
Landon,Shaw,18-04-1981,Male, Procurement,22-08-2006,9458276735,nawah@wauhta.lt
Alvin,Young,29-09-1978,Female, Marketing & Proposals,15-04-2006,2065805329,vo@zulo.kp
Jose,Stokes,31-10-1986,Female, Project,12-10-2002,4699041241,nudig@jagalezo.fi
Charles,French,16-11-1986,Male, Packaging,14-03-2001,6364123437,var@seegipoc.ec
Lola,Paul,10-06-1979,Male, Inspection,01-04-2004,6185893313,ni@vuberisub.ac
Beulah,Bell,18-02-1987,Female, Production,15-11-2000,6532808020,cinme@jizikiw.ag
Bess,Hall,26-10-1986,Male, Project,03-03-2007,2282058017,dazvaapu@kut.ke
Inez,Garrett,16-08-1979,Female, Marketing & Proposals,02-06-2005,7232794647,keznet@sol.sk
Kyle,Hall,09-09-1976,Male, Administration,16-04-2000,7585998991,ovtufum@we.je
Dollie,Wagner,26-01-1978,Female, Human Resource,19-01-2006,9572021865,du@gulzufa.gb
Martin,Gutierrez,19-01-1977,Female, Production,24-03-2004,7354088569,pupma@zuwgogka.je
Dorothy,Sherman,11-05-1974,Male, Store,19-11-2003,2784903518,zina@ke.cr
Andre,McKinney,21-09-1986,Female, Packaging,28-06-2000,3359878143,eb@huevhu.st
Zachary,Tyler,18-08-1982,Male, Human Resource,13-12-2003,2167038753,labavohu@izakekdir.pe
Juan,Simon,03-12-1973,Female, Packaging,26-10-2005,4166398862,wakjonu@imceawi.no
Brent,McKenzie,08-01-1985,Male, Human Resource,20-06-2005,9594532655,tiwmumeh@tibuh.dj
Bertie,Matthews,05-11-1986,Male, Designing,30-09-2004,7179223741,berer@anu.nl
Minnie,Richards,06-09-1971,Female, Project,14-03-2007,7116446362,hazdiwbif@uka.hr
Edith,Carroll,10-11-1973,Male, Administration,24-01-2006,4539587616,natetmo@ganagfe.pf
Joshua,Vasquez,26-01-1984,Male, Finance,01-05-2002,5382425657,le@em.cx
Sophie,Byrd,06-05-1977,Male, Marketing & Proposals,25-08-2006,6194308223,guom@hu.am
Tony,Romero,26-11-1988,Female, Finance,21-01-2004,8779531816,vimiv@po.ss
Dean,Ray,09-03-1985,Female, Sales,21-09-2002,2164287616,werujur@je.gp
Lily,Massey,21-11-1983,Female, Human Resource,31-10-2001,9707837926,rajogil@fi.la
Isabella,Barker,03-09-1978,Male, Administration,10-07-2006,4355887201,vifasu@wo.aw
Herman,Mann,05-11-1981,Male, Store,02-05-2003,6017439214,kuhsipe@tad.bg
Alberta,Jensen,09-02-1971,Male, Packaging,13-03-2006,2766477211,cicus@teuno.am
Irene,Lynch,05-03-1977,Female, Quality,01-09-2005,3256412851,hob@gi.cz
Dollie,Todd,16-11-1972,Female, Inspection,25-10-2002,8182391133,vari@mag.in
Grace,Haynes,27-10-1987,Male, Project,13-11-2007,4358503295,ve@cevesa.ye
Anthony,Jefferson,08-03-1980,Male, Account,16-06-2007,5496914463,ha@wadajla.gm
Alejandro,Andrews,05-08-1970,Male, Human Resource,06-02-2002,7682212622,ji@buz.tj
Alta,Morales,26-11-1972,Male, Procurement,08-11-2002,9645331089,hogas@hec.pl
Della,Williamson,25-08-1988,Female, Finance,27-01-2005,5559967349,copon@unemokci.nu
Mason,Robinson,03-12-1974,Male, Security,04-05-2003,4349342463,ziknepep@ze.bb
Betty,Gilbert,09-01-1990,Female, Dispatch,22-09-2006,6307001040,vep@hu.sa
Maria,Rose,27-05-1985,Female, Designing,05-12-2007,5064066501,na@sapobbah.cx
Leila,Jenkins,01-09-1979,Female, Project,05-09-2004,6213579122,povijhid@oro.pk
Marguerite,Castro,14-04-1981,Female, Project,11-09-2005,6598452567,amaabe@ohuucmun.cw
Sadie,Howard,05-07-1980,Male,Maintenance,24-10-2001,5525212468,tiactu@hecolit.tv
Brett,Blake,09-04-1971,Male, Designing,18-05-2003,8136329830,mo@fepim.it
Mina,Pope,02-09-1980,Female, Inspection,01-12-2005,3886098148,owha@vekutada.ad
Isabel,Rowe,06-08-1971,Male, Production,07-09-2003,3333247564,ud@kejos.iq
Susie,Jackson,15-12-1982,Female, Finance,28-11-2006,2183098873,bub@lajowrun.wf
Ivan,Harmon,30-08-1970,Male, Packaging,23-10-2007,7814215541,sorkebi@jilni.bw
Mary,Sims,03-04-1978,Male, Finance,26-06-2005,3597559749,jab@apipobvi.tk
Lily,Harvey,28-11-1972,Male, Dispatch,08-11-2000,3403817622,lihsaoli@ucidemaci.hn
Marc,Thornton,08-10-1970,Female,Maintenance,02-11-2001,7363062704,gewanfu@ufehob.sl
Harry,Luna,06-01-1988,Male, Project,05-08-2003,9205171259,ecwagah@kesbac.io
Amelia,Barker,29-07-1975,Male, Store,12-06-2002,6554117973,me@erijo.gt
Adrian,Barnett,20-03-1975,Female, Sales,20-06-2003,7059008482,roho@gaeb.zw
Luke,Simpson,26-12-1984,Male, Production,28-01-2003,2082417905,odocisuc@cuil.aq
Nancy,Schmidt,17-06-1982,Female, Human Resource,23-09-2006,6635107594,jedmod@zihikos.nu
Janie,Obrien,13-12-1980,Female, Marketing & Proposals,07-08-2004,6346264632,tahgo@ciw.ee
Jeffery,Grant,15-02-1983,Female, Marketing & Proposals,24-07-2004,5307026438,berahe@ve.sk
Grace,Underwood,25-12-1981,Male, Marketing & Proposals,24-12-2001,3009997699,nik@farcok.mx
Cecelia,Mack,02-05-1976,Female, Information Technology,08-10-2005,7419794240,he@ina.gt
Bernard,Graves,02-07-1983,Female,Maintenance,23-06-2004,2244955908,kamhez@oz.tn
Cory,Alvarado,21-09-1986,Female, Sales,14-07-2002,9708436311,jozsu@ku.cw
Tony,Sutton,24-12-1981,Male, Information Technology,28-05-2002,3342947922,ro@mo.gq
Ronald,Jordan,05-07-1972,Male, Administration,24-01-2006,4472661452,dujfe@ivla.li
Maggie,George,13-10-1972,Male, Production,10-05-2007,4766584438,eje@kokcu.az
Samuel,Marshall,30-11-1986,Female, Security,26-01-2001,3477884233,wuvegi@juclodboc.hr
Cecelia,Wolfe,14-07-1971,Male, Quality,25-07-2001,6798532998,ut@sajnav.cu
Ronald,Hawkins,02-10-1987,Male, Project,13-06-2004,3295928593,ije@ecinas.fj
Theodore,Henderson,11-03-1971,Male, Research & Development,18-05-2007,6149752080,meogufu@utovuon.sy
Ray,Arnold,28-05-1978,Female, Research & Development,30-04-2005,5438296793,niihsem@wecwu.tr
Eleanor,Carpenter,29-08-1985,Male, Inspection,12-11-2007,2145035848,gohha@hoigwo.hu
Eliza,Clayton,07-12-1972,Female, Dispatch,07-02-2000,3734501917,fasdoco@jukog.lv
Blake,Jimenez,07-01-1985,Male, Research & Development,01-09-2001,9779583800,hoca@hivoni.si
Bertie,Crawford,11-09-1976,Female, Production,10-05-2003,6122692766,waen@wa.ck
Bill,Martin,18-11-1981,Male, Finance,04-04-2007,9028867832,ipesivop@fu.mm
Abbie,McGuire,30-03-1971,Female, Marketing & Proposals,28-11-2001,6297523158,zafto@kodu.ro
Daniel,Saunders,02-07-1975,Female, Quality,04-01-2006,6273922172,nu@se.me
Lura,Marsh,17-12-1975,Male,Maintenance,09-01-2004,8115985606,gitnik@inezolhup.pa
Phoebe,Porter,07-04-1980,Male, Procurement,17-06-2003,3237339777,ga@gi.co
Clyde,Quinn,17-11-1970,Male, Production,04-10-2006,8075658994,sot@gih.hr
Carrie,Santos,24-11-1973,Male, Procurement,01-07-2001,3745967383,ivaumo@cer.edu
Mark,Burns,13-01-1972,Male, Finance,31-05-2001,4398422451,ibihokaj@wuk.az
Lenora,Jefferson,18-11-1979,Female, Security,21-09-2004,3654696922,ib@jovasa.ck
Jackson,Jimenez,26-06-1976,Male,Maintenance,25-04-2001,7425968040,doecoki@po.tm
Belle,Castro,12-05-1983,Male, Inspection,07-06-2000,5746787793,zacele@fenjof.io
Douglas,Dennis,05-04-1974,Male, Dispatch,16-05-2001,3048156195,ute@cewi.bw
Norman,Singleton,22-12-1986,Male, Packaging,07-08-2002,3422222941,eka@ohbek.ps
Edgar,Peterson,26-12-1980,Male, Packaging,30-06-2006,6217283229,porcoda@efwowo.gov
Lena,Robertson,25-03-1978,Female, Administration,14-12-2006,4227453631,hukhabas@zu.io
Ethan,Lucas,03-09-1985,Female, Store,08-11-2007,9074707834,hekafag@icvod.cy
Christian,Warner,16-08-1980,Female, Packaging,13-02-2005,2769962516,ho@otmu.is
Jeffery,Rodriguez,28-10-1973,Male, Quality,19-07-2002,8416621124,fezunid@libak.ar
Logan,Fisher,10-07-1988,Male, Administration,07-06-2003,6708633981,manhun@vomo.se
Hulda,Perez,26-11-1986,Female, Human Resource,24-06-2006,2276902501,mapagfit@veilpi.zw
Nora,Potter,05-10-1988,Male, Quality,05-12-2006,7284876234,el@os.sr
Russell,Summers,25-05-1977,Female, Store,07-09-2003,5435937739,tohmomgat@zi.io
Sally,Guzman,07-10-1984,Female, Production,14-11-2001,8118783378,zojrerwa@fag.edu
Margaret,Vargas,22-09-1988,Female, Quality,20-11-2006,3239574915,nuspovah@kankefuw.ws
Nettie,Craig,15-05-1971,Male, Information Technology,10-02-2007,5597995377,fehuhaluh@borfove.wf
Logan,Moran,07-01-1970,Female, Quality,08-06-2002,2093983750,uzecijeg@rontaso.as
Adrian,Holloway,20-07-1988,Female, Designing,21-02-2001,3089706533,gohrowode@lerkek.fk
Jeanette,Franklin,16-07-1980,Female, Quality,19-11-2003,2467341172,bep@ri.kz
Henry,Olson,21-09-1974,Male, Account,02-02-2004,2499948930,nigopiz@fa.sl
Dennis,Perez,05-02-1985,Male, Administration,09-06-2002,2505997705,bo@gewfaeb.tn
Jason,Ellis,17-11-1971,Female, Research & Development,15-03-2001,2639256490,bic@unu.jp
Erik,Swanson,08-08-1989,Male, Account,26-05-2004,4324967117,zabejveb@kob.pa
Devin,Clayton,24-04-1976,Female, Project,24-07-2006,9342374326,dedop@lu.za
Walter,Gibbs,10-03-1973,Female, Inspection,29-09-2001,2888466945,abu@ivo.gp
Caroline,McLaughlin,03-07-1985,Female, Marketing & Proposals,26-09-2004,7434592801,puszosdu@rekat.pm
Iva,Cummings,17-11-1983,Female, Human Resource,26-09-2002,3662026971,ezesopa@did.gb
Helen,Larson,15-01-1983,Female, Quality,02-03-2002,4016297226,zozeor@isu.ir
Claudia,Adams,16-07-1983,Female, Designing,14-04-2002,8272958660,jow@gut.tn
Fred,Hubbard,16-03-1975,Male, Production,12-06-2006,7484224665,ilhozuz@of.sm
Inez,Snyder,07-06-1985,Female, Administration,21-04-2006,5082063507,vibeca@oso.ee
Lou,Richardson,29-10-1972,Female, Project,13-10-2006,9197635513,vefaj@caipe.uy
David,King,10-06-1976,Female, Inspection,25-10-2006,9169369572,ufu@ra.fo
Jorge,Aguilar,05-03-1987,Male, Administration,10-06-2005,5436129838,baz@suhu.mo
Alejandro,Tate,25-04-1979,Female, Production,13-04-2001,9203245359,tukwojde@wifeh.cw
Eliza,Guzman,22-05-1986,Female, Finance,11-06-2007,5295758202,re@so.fj
Norman,Gutierrez,30-07-1989,Female, Project,10-09-2003,7563697056,wi@dug.pn
Tony,Weaver,12-09-1982,Female, Project,20-02-2004,2783505189,beih@zi.pw
Nora,Mitchell,06-06-1990,Female, Packaging,13-02-2006,8856154217,najaj@viphavin.ba
Carolyn,Ramos,29-01-1985,Female, Sales,30-05-2007,7383142966,cesho@dinar.sz
Norman,Davis,13-09-1970,Female, Information Technology,17-08-2007,5584455772,fe@minevwig.edu
Rhoda,Morrison,02-09-1975,Female, Store,08-08-2001,3754434051,buc@ho.pg
Gordon,Higgins,27-12-1985,Male, Dispatch,15-02-2007,6379935392,ovo@vu.cn
Josephine,Farmer,14-09-1976,Male, Sales,24-11-2003,8528689915,titpuluw@mifuja.kw
Corey,Fleming,03-02-1982,Female, Human Resource,01-02-2007,5127308096,ti@amizocduf.pl
Erik,Long,05-07-1974,Male, Administration,08-04-2004,3363439747,rik@ledod.gov
Jose,Waters,01-05-1974,Male, Project,31-12-2004,9645365430,olwu@kit.ms
Jessie,Williams,17-03-1979,Female, Procurement,30-01-2005,7068021166,forca@wuhso.se
Timothy,Nguyen,09-03-1976,Female, Finance,14-02-2003,7064715772,ke@ve.pk
Laura,Ramirez,30-06-1979,Male, Project,25-04-2002,8017152038,ipiidse@iphi.tj
Linnie,McKenzie,06-08-1981,Male, Account,09-07-2005,8472482851,ma@duwag.bv
Gerald,Quinn,05-03-1974,Female, Research & Development,23-09-2002,8732767711,iz@je.ax
Franklin,Mitchell,16-12-1984,Male, Security,26-08-2001,9407916845,ku@ewe.uz
Tommy,Cruz,10-10-1971,Female, Research & Development,01-10-2001,7872598562,husigson@vecizibe.ua
Johanna,Dixon,15-04-1976,Female, Dispatch,08-12-2005,4343406768,toser@dunlu.tg
Travis,Fisher,30-08-1986,Male, Project,18-04-2005,2005478449,ico@azosos.sd
Matthew,Ball,29-04-1980,Male, Packaging,23-09-2006,8826602282,ric@bafuz.se
Jerry,King,27-03-1979,Female,Maintenance,05-09-2001,2833916072,corowa@wez.ax
Melvin,Vargas,22-11-1971,Female, Dispatch,20-04-2005,3543938752,egsupneg@feidile.no
Steven,Bennett,22-11-1971,Male, Account,09-11-2007,5412281051,puw@te.do
Sean,Bishop,23-11-1989,Female, Project,06-08-2006,9799357013,roj@maujuta.edu
Lloyd,Briggs,16-06-1979,Male, Security,03-09-2007,7836198015,kutpaw@emjaj.vn
Jean,Garza,15-03-1984,Male, Marketing & Proposals,14-09-2002,5899353327,it@rawag.ee
Eva,Clayton,25-10-1986,Female, Research & Development,08-10-2004,8516598346,hivfo@ujoadpi.pl
Isaiah,Summers,19-05-1975,Male, Designing,25-02-2007,5412057184,uwilo@ip.pl
Oscar,Nash,20-08-1974,Male, Procurement,28-10-2000,6654435078,buculfor@pocerjad.at
Todd,Roberson,02-07-1972,Female, Store,09-09-2005,8592169636,fec@mewuuka.cf
Louis,French,06-03-1974,Female, Information Technology,17-11-2005,8579554177,hezkadmat@dud.cl
Lida,Flores,06-04-1987,Female, Human Resource,21-02-2005,2354652892,tiz@otibenuw.eh
Rose,Robertson,29-09-1990,Female, Production,19-06-2001,6818594158,jehi@zo.qa
Ivan,Austin,23-02-1977,Female, Procurement,07-09-2007,2358445063,obujut@dieddiw.vc
Timothy,Sandoval,14-07-1980,Male, Dispatch,21-07-2001,3129899446,sifsa@jakil.to
Seth,McKinney,22-05-1973,Male, Project,10-03-2004,7419132281,ikzaf@vuzolan.sr
Bernice,Cortez,11-09-1976,Female, Project,04-08-2007,4897626695,ofa@li.vi
Chad,Craig,04-12-1976,Male, Information Technology,03-05-2001,4463971071,vih@pilevu.sc
Randy,Gordon,17-12-1977,Male, Production,14-04-2000,8812453203,oce@daasrib.sl
Scott,Barker,07-06-1976,Male, Quality,20-11-2001,4723122022,boh@le.vn
Frederick,Bailey,27-04-1970,Female, Account,18-09-2000,9003555854,guiwo@ij.sn
Chase,Roberts,07-02-1976,Female, Dispatch,20-05-2006,7625507826,tizedep@mof.sd
Olga,Palmer,28-10-1979,Female, Dispatch,29-01-2004,7769752285,gomhertof@cocpe.re
Florence,Henderson,28-09-1979,Female, Inspection,31-01-2003,2877355945,ildi@hijjom.za
Bernice,Ryan,28-10-1977,Female, Finance,01-06-2001,4536708106,takfigoru@giwpuwat.by
Ethan,Cannon,18-09-1989,Female, Procurement,19-04-2001,4857734126,putieze@jufi.br
Michael,Mathis,26-03-1985,Female, Project,17-10-2006,6083912667,nurna@as.ne
Pauline,Evans,24-10-1986,Female, Dispatch,01-06-2002,5074989969,goje@zuufi.sz
Lloyd,Hamilton,29-11-1978,Male, Security,31-12-2004,2762355179,je@vomile.ni
John,Barnett,22-03-1972,Female, Administration,19-03-2004,5158436130,satouse@huwbufdop.ba
Gerald,Gilbert,15-06-1976,Female, Human Resource,28-07-2003,7496993121,te@joz.am
Ruby,Burns,19-12-1985,Male, Human Resource,14-11-2004,2727886623,ivehislev@kub.lb
Georgie,Walker,04-12-1982,Female, Finance,11-10-2001,5776434789,raf@ahojoja.ls
Melvin,Pittman,19-02-1972,Female, Store,06-09-2003,9096632360,jengubi@gojmiiti.li
Adelaide,Gomez,19-11-1987,Female, Administration,15-09-2000,3607675192,derovko@nogutusi.co.uk
Cordelia,Bridges,30-10-1977,Female, Designing,24-11-2006,9689835517,honugvik@vegwo.ke
Jeffrey,Zimmerman,15-10-1972,Female, Project,18-11-2000,7478146644,dub@selafu.wf
Joshua,Stevenson,31-05-1977,Male, Administration,31-07-2006,3368351685,zo@wiulija.cm
Lizzie,Smith,18-07-1990,Female, Project,19-09-2001,4485156596,hatjogni@weporwo.tp
Alberta,Kelley,24-07-1985,Male, Procurement,30-08-2001,8853953754,bopolos@lad.gov
Ada,Patton,01-07-1990,Male, Store,14-02-2000,5675806917,vevmi@cepzuv.so
Jeremy,Reid,26-01-1990,Male, Marketing & Proposals,01-01-2007,7775037775,zu@vipki.fo
Shawn,Dawson,13-06-1978,Male, Administration,12-02-2007,5216386357,jobhagpo@tamwi.bv
Clarence,Greer,25-01-1987,Male, Production,07-09-2003,2587149351,enubacufo@luf.ge
Nora,Logan,15-03-1977,Female, Account,14-03-2005,2399138161,mofetdej@racuk.bh
Lola,Padilla,07-10-1990,Male, Store,12-03-2004,4846977487,tozsojir@gojdo.mv
Lura,Knight,17-05-1972,Male, Inspection,07-04-2007,7562218393,reroomo@cawesjuf.ru
Amanda,Willis,14-05-1979,Male, Human Resource,26-07-2001,8414696921,po@uhujizej.aq
Isabel,Thompson,30-12-1971,Female, Finance,27-06-2005,7892349331,aci@bu.ad
Marion,Mendoza,20-09-1974,Female, Inspection,04-10-2007,4736825365,iwula@pas.mm
Cornelia,Fowler,23-06-1989,Female, Administration,03-07-2001,7423068609,oskiad@vise.th
Cecilia,Carroll,23-01-1988,Female, Account,06-12-2001,6084821465,tunaoc@tafhuv.cc
Millie,Flowers,14-03-1989,Female, Designing,24-10-2007,3738662168,ipbeso@kaje.jm
Travis,Hines,24-04-1970,Female, Quality,23-07-2004,4697158679,tem@kaoj.kg
Cora,Keller,15-02-1988,Female,Maintenance,16-09-2007,8666494788,apa@kaj.cm
Mina,Bryant,22-05-1972,Female, Designing,22-11-2006,5763048858,noji@unicit.gs
Beulah,Stevens,10-09-1979,Female, Dispatch,05-10-2006,8595913467,war@lu.nf
Billy,Hale,11-07-1986,Female, Project,21-01-2002,3063785960,biv@vonizefi.sg
Myra,Fernandez,02-08-1980,Male, Finance,28-07-2001,7705067708,boespat@bejni.tk
Elva,Barber,28-10-1981,Female, Sales,18-07-2003,9422974601,ud@weposuk.pm
Lester,Edwards,29-08-1989,Male, Human Resource,04-02-2004,3447574417,juc@fon.ae
Gordon,Willis,15-12-1975,Male, Designing,03-04-2002,8758978436,za@kej.hr
Ivan,Vasquez,17-04-1973,Female, Procurement,20-02-2001,5832657073,pejalar@mewag.kg
Flora,May,02-04-1970,Female, Account,26-06-2005,5183824305,mubovced@sunet.nz
Randall,Roberson,06-09-1973,Male, Packaging,06-11-2003,6063445695,lu@wubu.mu
Vernon,Becker,15-02-1971,Male, Security,02-11-2002,9449492206,neobi@nugokija.tk
Peter,May,26-08-1990,Female, Finance,31-08-2002,9463785536,goroep@bozogan.io
Earl,Vargas,19-08-1979,Male, Packaging,10-12-2006,8405437883,zourih@ini.hn
Martin,Moss,15-11-1982,Female, Security,09-09-2007,2616901697,cu@vinmur.il
Susan,Adkins,05-08-1977,Male, Quality,21-07-2005,9424454477,noihje@hivhuho.mx
Andrew,Gutierrez,25-12-1985,Male, Security,26-02-2006,9449653112,ruzfauvi@nagepa.nf
Helena,Greene,20-01-1978,Female, Information Technology,21-05-2004,8459658606,cujaowo@hu.tn
Rosalie,Herrera,30-03-1984,Male, Project,26-07-2000,5104643867,wifot@hej.mm
Pauline,Logan,10-01-1974,Female, Marketing & Proposals,24-10-2001,3733313159,ases@denpica.id
Shawn,Ford,15-04-1984,Female, Finance,22-06-2002,5049477315,ulo@ini.mu
Brent,Barnes,03-01-1990,Male, Research & Development,07-02-2000,9173641288,at@lut.gm
Lillie,Richards,30-09-1974,Male, Inspection,16-10-2004,9476878349,gogobuce@lot.gd
Zachary,Clark,28-02-1982,Male, Human Resource,06-09-2004,8582773052,kuemo@gitoj.de
Micheal,Figueroa,22-04-1973,Male, Human Resource,16-08-2007,6475783071,kufre@eb.sz
Raymond,Russell,09-12-1975,Female, Production,23-06-2003,5428635138,rihsi@kizalum.zm
Elnora,Ford,05-03-1989,Male, Administration,01-11-2001,2668254081,maw@huro.us
Timothy,Grant,16-01-1988,Female, Sales,13-06-2007,8796373880,hucud@nuzcicguc.bh
Leroy,Romero,13-03-1983,Male, Designing,07-02-2006,3316349695,pecur@kehvut.gw
Arthur,Ford,02-09-1985,Male, Administration,25-05-2000,5765922849,fezu@ja.bd
Hilda,Bass,28-11-1986,Female, Inspection,27-07-2001,6648967212,vahdemip@pino.ne
Leah,Brock,14-09-1980,Female, Sales,08-09-2003,6699131722,ret@suh.ca
Nancy,Zimmerman,14-08-1987,Male, Quality,13-05-2007,7834116955,bof@tu.tv
Georgie,Hines,05-05-1974,Female, Quality,24-07-2001,9065414041,caji@fupavciv.be
Aiden,Duncan,26-10-1985,Female, Human Resource,03-10-2003,4807676671,fi@wewwoci.an
Mattie,Schmidt,23-09-1970,Female, Store,20-12-2002,7129839756,irrekje@efuluddur.sy
Lily,Dawson,20-01-1979,Female, Sales,15-01-2004,5585287591,bavaw@vokbenlo.lc
Clayton,Robertson,22-06-1981,Female, Quality,05-12-2006,9489291592,paru@zifuede.sy
Ernest,Carter,14-07-1982,Male, Production,20-07-2000,9887603065,ivuwu@ikbe.com
Warren,Miller,15-07-1975,Female, Research & Development,26-10-2000,5273895144,cizrowo@wilneupo.bn
Christopher,Nelson,30-12-1983,Female, Dispatch,04-10-2004,8657609114,ini@vafuw.eh
Stanley,Colon,10-01-1979,Female, Finance,02-09-2002,2527188018,tokuwiva@munapope.gn
Cynthia,Payne,25-02-1974,Male, Store,01-10-2004,8769248902,namhej@ku.iq
Kathryn,Walker,24-12-1985,Female,Maintenance,21-06-2002,9677823689,zefofehiw@ejiimizaj.lb
Isabella,Chapman,11-07-1984,Female, Information Technology,02-10-2002,2677085764,togag@duvifkaj.km
Aaron,Berry,24-01-1972,Female, Information Technology,20-11-2002,2352817054,mooc@wuloawe.bv
Carrie,Clayton,22-03-1977,Female, Dispatch,20-07-2003,8223453959,nineso@oclefvo.ng
Francisco,Roy,13-11-1981,Female, Finance,26-07-2005,2448083282,acuse@nozfismor.ac
Winnie,Hodges,19-11-1980,Male, Procurement,18-10-2004,7047198867,dewzov@wo.lt
Bill,Reyes,25-06-1984,Male, Inspection,26-10-2005,8707796971,libod@betfadhep.bi
Chad,Torres,24-01-1977,Male, Research & Development,18-07-2007,2272085301,lichif@jefiv.ma
Alvin,Wood,23-11-1985,Female, Quality,04-04-2003,6589267652,dofjapa@vos.bb
Jose,Anderson,27-02-1980,Male, Marketing & Proposals,11-01-2007,2219859480,rigbu@vuihroh.pg
Juan,Glover,17-06-1984,Female, Inspection,05-02-2007,9062305013,veg@anocilho.ph
Iva,Rodriguez,12-09-1975,Female, Project,29-08-2000,4219057269,lom@bet.kn
Rachel,Patton,07-08-1986,Female, Security,14-09-2002,9288007138,ko@zusu.cv
Elmer,Blair,29-01-1979,Female, Security,03-05-2004,2003717614,zemlikul@udaniluw.dj
Georgia,Hicks,26-01-1976,Male, Packaging,15-03-2005,5716339681,ruvinib@tu.mt
Evelyn,Garza,19-11-1970,Male, Marketing & Proposals,13-06-2006,8504159189,asvor@ku.jm
Christopher,Rodriquez,15-11-1974,Female, Packaging,20-04-2006,8488024538,uni@tiloza.kh
Sue,Walton,05-03-1970,Male, Store,09-10-2006,3326822299,lalauk@puksebduc.at
Stanley,Figueroa,16-02-1975,Male, Inspection,29-12-2001,3589075175,tehmupi@for.it
Maud,Payne,26-08-1984,Male, Production,19-09-2006,2149513892,rivwiwdi@tobisa.bj
Elsie,McKinney,17-10-1984,Male, Human Resource,03-03-2001,2294318580,doderne@heknoho.td
Isaac,Farmer,04-04-1973,Female, Inspection,10-07-2004,9587161907,tegsi@bijje.sj
Bill,Hampton,14-10-1984,Male, Human Resource,10-07-2006,6144654585,fezod@vigadmug.jm
Jay,Patterson,21-01-1973,Male, Security,26-03-2007,3664957459,gu@zadvi.th
Caleb,Jensen,11-09-1982,Male, Procurement,26-01-2006,5139725023,remolhoc@giriw.gp
Katie,Hamilton,03-05-1972,Female, Research & Development,17-05-2002,8202547471,se@mafidib.ie
Eugene,Owen,05-11-1975,Male, Store,01-01-2002,6702928614,sa@no.qa
Kyle,Sparks,27-08-1970,Male, Procurement,10-04-2002,5085781733,bi@zipbouf.us
Jack,Kennedy,16-11-1986,Female, Production,14-11-2003,6508741959,raf@mun.na
Cecelia,Cole,18-02-1985,Male, Dispatch,02-11-2005,5594922970,moz@oz.ma
Alan,Webster,06-05-1979,Female, Production,30-03-2002,4512606506,zi@reh.mm
Inez,Alexander,16-02-1972,Female, Research & Development,13-02-2005,7837781165,posaha@ogo.gov
Ray,Webster,07-08-1979,Female, Security,30-04-2007,3847655774,jiwot@hezdace.it
Rena,French,22-02-1970,Male, Finance,04-05-2005,2736383393,kitup@va.mw
Rose,Phelps,07-12-1982,Male, Dispatch,27-08-2000,5497428675,tal@an.io
Maude,Stevens,13-05-1988,Female, Finance,28-04-2002,2365516550,cakema@kezhuona.sr
Martha,Wilkerson,18-07-1980,Male, Procurement,07-05-2003,8433995088,julmona@tun.th
Michael,Powell,28-11-1990,Female, Information Technology,16-03-2000,6318037727,er@fizoza.np
Sally,Harmon,07-03-1981,Male, Production,01-09-2001,4268545999,waduppab@guwborher.km
Derrick,Morgan,15-07-1976,Male, Production,18-08-2004,7019436024,zulir@doroed.ru
Marian,Greer,20-10-1970,Male, Account,19-01-2000,5385875257,iz@buka.gg
Sophie,Joseph,18-02-1987,Male, Packaging,15-11-2002,7162356438,birmace@mokuco.aq
Charles,Perez,06-03-1971,Female, Research & Development,24-03-2006,3632077212,he@deknuj.sn
Adelaide,Spencer,29-10-1980,Male, Administration,28-01-2006,8595871498,la@figoc.fr
Winifred,Clark,31-12-1973,Male, Human Resource,07-11-2006,4005297844,vojofa@etebo.tl
Lucille,McCoy,01-03-1989,Female, Packaging,08-07-2007,7144512703,tulec@din.sa
Martha,Simon,04-03-1970,Male, Finance,14-04-2002,3584036676,iwoanwi@manac.lc
Christine,Sharp,04-08-1970,Female, Security,13-07-2006,8185946358,co@nupegak.ee
Jeanette,Pena,11-10-1984,Female, Administration,22-02-2002,8537745721,hegur@lihive.io
Vera,Hubbard,01-06-1977,Male, Packaging,06-03-2001,2225148146,ha@ibiavti.by
Micheal,Coleman,28-02-1979,Male, Security,29-08-2003,9342381459,ucu@bi.pa
Virginia,Schultz,13-07-1989,Female, Administration,07-10-2007,6523529798,wudgati@izobozev.tf
Marguerite,Rowe,28-12-1984,Male, Account,01-04-2000,7233585686,vulo@jehipuf.je
Adele,Drake,04-08-1970,Male, Security,31-08-2000,5189056475,capsobtop@zidumopab.ug
Janie,Lynch,02-11-1980,Female, Marketing & Proposals,05-01-2005,5018223779,ow@ofehi.qa
Henrietta,Benson,09-05-1989,Female, Research & Development,17-07-2005,9527482437,favtem@ukeopbo.cg
Bernice,Cunningham,17-09-1982,Male, Marketing & Proposals,08-05-2002,5086368361,winbi@gerhafed.do
Gabriel,Tucker,06-02-1984,Female, Administration,28-01-2007,3174857486,vew@pogup.qa
Russell,Franklin,14-03-1978,Female, Security,23-11-2003,7093661732,ibriuc@zufnutruw.gl
Sam,Wallace,27-02-1974,Female, Procurement,07-02-2006,4534339316,razdi@kiblo.us
Fanny,Norris,29-09-1972,Female, Marketing & Proposals,13-10-2007,3703255374,hiba@bittevfor.cg
Eric,Weaver,24-06-1971,Male, Dispatch,11-05-2002,5484063519,heribnoc@zawafgu.in
Jay,Wilkins,13-11-1971,Female, Human Resource,04-02-2006,9793852489,os@es.mp
Mario,Holloway,05-05-1971,Male, Packaging,13-12-2005,2849433736,vipfe@tuvep.cx
Shawn,Rose,14-11-1981,Male, Project,23-07-2002,8023171831,avnoub@bijbikmah.id
Ida,Hughes,03-07-1986,Male, Production,28-10-2002,8533019386,adi@raeden.mn
Willie,Neal,09-08-1985,Female, Dispatch,01-06-2007,3225031144,vavev@dajgo.ua
Jeffery,Blair,08-09-1990,Male, Security,27-12-2005,2268615041,onine@hip.wf
Cordelia,Walsh,15-01-1989,Female, Production,03-02-2006,7878755650,jiuc@bizizjag.gs
Marion,Jimenez,08-10-1976,Female, Information Technology,30-08-2000,4785319913,locgub@huma.je
Martha,Logan,12-11-1985,Female, Human Resource,03-02-2007,9094345292,hog@zavroab.gn
Estella,Blake,15-04-1980,Male, Dispatch,09-12-2002,4379425041,jesulnud@gojpab.mt
Joel,Keller,10-06-1982,Male, Administration,08-04-2007,4099415799,zuvrejuc@vus.sj
Mittie,Bradley,15-06-1982,Female, Account,06-05-2006,8009687201,wetvac@uruhij.sg
Bess,Chambers,16-09-1989,Female, Sales,27-03-2000,2878376910,cezebazuk@ikgec.pw
Loretta,Butler,22-11-1979,Female,Maintenance,08-06-2003,7737583146,gonu@cumnej.cl
Theresa,Drake,01-05-1979,Female, Packaging,08-03-2002,7076813290,pidi@heco.na
Mittie,Ortega,26-07-1980,Female, Human Resource,23-09-2004,2086935788,oc@jopdaw.ma
Roy,Medina,30-11-1982,Female, Designing,19-06-2006,6005595549,seb@niphe.fi
Gregory,Lyons,11-09-1973,Male, Sales,17-07-2000,2436044001,roc@pihisib.ne
Lizzie,Burke,05-05-1981,Male, Quality,15-08-2006,6095225536,saveko@abapu.si
Benjamin,Carr,22-05-1972,Female, Account,24-06-2006,8456166189,wovmafiz@gag.kg
Katherine,Griffith,27-10-1979,Male, Store,11-09-2007,7848461157,soko@ki.tz
Mason,Dunn,22-09-1989,Female, Designing,12-09-2000,4774663674,zuv@kijnusom.th
Nathaniel,Ford,26-11-1970,Male, Store,17-09-2002,3784344313,ge@ivke.ki
Bess,Howell,07-06-1986,Male, Quality,01-08-2003,7219339832,cabib@efuruh.dm
Olga,Manning,06-12-1978,Female, Account,09-12-2007,3522798041,taje@afikor.qa
Christine,Nash,28-05-1990,Female, Sales,15-03-2002,6639125536,pon@ejimi.lc
Chris,Fernandez,10-01-1981,Male, Human Resource,12-04-2003,9323075507,ri@umrezpoz.sv
Jacob,Silva,08-03-1986,Female, Store,19-01-2000,4786452950,iznav@neweh.jm
Charles,Farmer,24-01-1980,Male, Store,01-02-2004,6734201350,nejtitik@cawamgo.cg
Albert,Frazier,04-07-1971,Male, Marketing & Proposals,26-08-2007,5128553844,pal@faziih.nl
Loretta,Griffith,23-04-1988,Female, Marketing & Proposals,23-05-2005,9107783969,di@sul.sj
Milton,Graham,19-10-1973,Female, Finance,02-10-2007,5086859675,ewtunav@ordu.na
Hulda,Norman,10-09-1988,Male, Inspection,03-06-2001,6029868921,cocone@mer.pl
Della,Lane,23-12-1971,Male, Human Resource,08-09-2002,2476518720,ni@zazilfum.mc
Iva,Reeves,10-12-1971,Female, Sales,12-02-2002,2228742238,cokoc@emcojjes.ug
Ina,Lane,01-05-1982,Male, Store,23-05-2004,4378172884,jomsu@dehjevov.ar
Clifford,Armstrong,20-09-1974,Male, Designing,12-12-2005,4708746617,ci@zasbow.ms
Jim,Howard,10-07-1977,Female, Account,17-01-2001,5205904786,ritzaru@rutnu.ms
David,Fletcher,31-05-1972,Male, Human Resource,19-04-2001,7159122180,rorcipum@luki.ky
Flora,Hanson,29-07-1978,Female, Designing,12-01-2000,4139401687,copfaoh@sike.ck
Shawn,Wheeler,17-03-1977,Female, Research & Development,02-05-2006,5797698753,fid@hehsagni.re
Jean,Bennett,01-12-1987,Female, Information Technology,05-02-2002,4403504807,kak@ipimez.hk
Isabel,Griffin,03-03-1985,Female, Information Technology,26-06-2000,2898097987,noek@ti.ug
Lillian,Fuller,11-03-1989,Female, Sales,15-07-2001,6544405141,zuwud@dagu.az
Melvin,Cortez,16-08-1989,Male, Procurement,26-07-2001,8626202340,peta@supo.lk
Susan,Wong,18-05-1976,Male,Maintenance,09-10-2000,2017172050,timliig@tuv.mx
Jose,Allen,22-02-1976,Female, Production,26-07-2001,9185794883,imicoz@ba.kh
Francis,Nguyen,04-07-1980,Male, Project,29-02-2000,3005029771,atosujut@pu.kn
Dean,Sharp,15-03-1983,Male, Administration,17-10-2002,7606471134,gina@urfog.mm
Charles,Tucker,11-05-1985,Male, Production,01-12-2007,9236439235,honeew@besoof.mu
Mayme,Rodriguez,08-11-1988,Male, Designing,22-06-2005,8178521006,kufmo@mizelmoj.it
Essie,Parks,31-08-1977,Female, Dispatch,16-04-2005,7702062800,kun@ewucidnez.pa
Zachary,Kim,19-12-1986,Male, Quality,19-07-2006,7417601232,mosvewot@uk.cw
Cora,Lamb,13-05-1977,Female, Administration,16-03-2007,8404865151,bieci@ricgihula.gq
Christine,Phelps,26-03-1974,Female, Project,30-09-2007,6562016647,ni@po.me
Mable,Washington,11-11-1976,Male, Human Resource,01-12-2001,6645354159,lanew@fotop.edu
Lizzie,Roberts,05-10-1986,Female, Marketing & Proposals,25-01-2006,3778073802,jehaduij@wed.eh
Minerva,Campbell,05-01-1984,Female, Information Technology,16-10-2001,9507902014,ube@vewap.net
Charlotte,Vaughn,08-03-1985,Male, Security,06-02-2000,9142787299,duzu@lo.nc
Nina,Sandoval,24-04-1990,Male, Designing,11-01-2006,8088732032,abubessi@enkicu.bb
Jeffrey,Rowe,19-01-1980,Female, Inspection,06-07-2000,9723156646,tuneja@wodaj.net
Vincent,Douglas,09-02-1982,Male, Research & Development,15-10-2006,6716885770,paje@it.edu
Lucinda,Beck,06-02-1971,Male, Information Technology,02-06-2003,6149807193,oj@hoku.ar
Angel,Bates,27-08-1973,Female, Inspection,22-12-2000,9735046818,som@vo.sg
Todd,Norman,13-01-1980,Female, Production,17-07-2000,9375466413,mudje@edutid.fr
Clyde,Benson,26-01-1989,Female, Dispatch,05-02-2002,7603291331,ezfem@gakgorav.gq
Dennis,Higgins,21-11-1976,Male, Production,16-02-2000,6406174469,no@huwcab.ki
Hulda,Pierce,19-02-1989,Male, Procurement,14-11-2006,6759062245,cot@usrime.jp
Christian,Bates,28-04-1971,Female, Project,29-03-2006,4566649058,rarik@tilmem.ml
Celia,Roy,09-04-1988,Female, Administration,09-12-2002,7788613210,pa@ajajacoru.gf
Eric,Watson,11-01-1972,Male, Store,27-03-2005,4289825190,fujoku@pal.mu
Lillian,Norton,07-07-1988,Female, Finance,26-09-2006,3832848522,vanojhaz@luwwivfo.ls
Leona,Burton,07-02-1975,Male, Sales,27-02-2004,8594206194,iv@masiziw.bh
Mattie,Hamilton,22-05-1970,Female,Maintenance,24-06-2006,6598865063,pef@hajcepimo.kr
Devin,Jacobs,09-02-1981,Female, Dispatch,06-05-2007,3613816343,vudarde@lag.sj
Celia,Jenkins,29-04-1979,Male, Administration,01-10-2005,3618396872,okanocu@uku.gr
Julia,Spencer,03-06-1971,Male, Procurement,27-12-2002,6512209435,otob@tumollo.com
Carl,McDonald,29-05-1980,Male, Procurement,17-01-2005,6755378897,tuzgu@tobizna.vc
Lucinda,Reynolds,13-11-1981,Male, Security,03-04-2004,3054652346,weajpo@mopuf.gm
Rose,Hopkins,04-08-1972,Male, Sales,15-02-2006,8596732406,vagofo@isocopuf.org
Aiden,Valdez,28-07-1982,Male, Finance,10-05-2006,4212344124,hizihota@wurgoun.nz
Edgar,Payne,13-06-1986,Female, Research & Development,08-02-2007,5699189663,ipuna@nifuroago.la
Barry,Page,11-12-1977,Male, Human Resource,14-03-2005,4263711836,acuohi@pu.sc
Linnie,Barrett,31-12-1976,Female, Procurement,09-01-2004,7304602800,ocewagah@awuzassi.sy
Ophelia,Bridges,05-04-1972,Male, Production,31-03-2007,4872221439,weser@hu.ps
Lizzie,Jefferson,17-10-1975,Male, Project,08-05-2000,2514272693,huraw@apirif.bw
Lawrence,Munoz,01-06-1985,Female, Dispatch,03-05-2004,9099837852,nopwato@abcevpo.ms
Mattie,Moore,26-06-1984,Female,Maintenance,16-05-2006,7432115234,gulot@ko.gd
Ryan,Wells,15-06-1973,Male, Account,07-04-2006,5169473875,couhiha@tijfov.sj
Marian,Watts,01-01-1983,Female, Designing,21-09-2001,3507855477,zul@imogaje.pm
Lillie,Hart,14-06-1970,Male, Security,07-11-2005,7329599013,akleac@nisraj.ge
Evelyn,Mitchell,30-11-1990,Female,Maintenance,13-01-2003,7404082347,eni@taj.sc
Marie,Alexander,10-12-1983,Male, Designing,21-03-2003,4847539468,ogepeziv@joli.kz
Philip,Santiago,23-09-1989,Female, Store,06-04-2003,4704623795,atga@azenurnef.ki
Jackson,Moran,02-03-1987,Female, Store,28-10-2007,5835311639,udomaw@repopej.ml
Lora,Cross,04-11-1989,Male, Research & Development,02-01-2004,6752119885,ew@lolzu.ne
Oscar,Lyons,21-12-1985,Male, Sales,30-06-2006,4695074136,ib@mupwidub.ir
Evan,Jennings,28-10-1978,Female, Account,29-12-2000,2602647130,duuhu@vavap.ca
Barry,Page,08-03-1981,Female, Project,11-05-2001,2823899682,zuc@titi.tt
Barbara,Castro,08-09-1986,Female, Inspection,29-04-2000,2775463603,haiwu@laldoptis.lk
Don,Nunez,13-12-1984,Female, Research & Development,21-02-2006,7134996198,maskunam@rejazuz.id
Genevieve,Stewart,06-11-1973,Male, Quality,22-11-2005,9132838318,lupnak@ubre.bg
Verna,Haynes,20-09-1974,Male, Project,17-07-2002,7527553311,mik@lizan.cr
Alfred,Evans,08-03-1974,Female, Finance,01-07-2002,5339719752,ceh@wiirso.nl
Derrick,Wade,04-11-1974,Male, Human Resource,25-02-2002,2675315558,enaga@leisi.so
Bernard,Porter,02-05-1989,Male, Procurement,01-12-2007,6415115785,vuhovu@pamtofa.ls
Flora,Hodges,23-11-1972,Female, Finance,24-03-2002,8462948054,tokugfil@befhidhaf.vi
Ollie,Rose,20-05-1970,Female, Designing,02-02-2002,5506341715,kadewja@ivesego.dj
Estelle,Mills,16-02-1983,Male, Production,20-10-2003,4676857622,gafwar@ru.td
Dale,Stewart,09-03-1979,Male, Finance,03-02-2007,4274057633,ad@koujbu.vn
Aaron,Payne,03-04-1988,Female, Research & Development,28-06-2002,2384444182,irulag@na.kg
Jeanette,Cunningham,20-01-1985,Male, Quality,21-03-2003,9292628284,pabgoksu@niwgi.si
Oscar,Baker,29-07-1973,Male, Research & Development,19-07-2002,8078628170,si@gi.cv
Bernard,Frank,14-02-1990,Female, Finance,19-01-2000,7268368246,ani@veh.nl
Mattie,Henderson,24-04-1990,Male, Store,15-01-2007,7387491322,mifbi@eci.ws
Jimmy,Ellis,23-09-1984,Female, Quality,09-04-2000,6583357331,da@ne.am
May,Lloyd,26-12-1972,Male, Production,26-10-2007,8395611102,wus@vepdawtu.mh
Eugenia,Bowen,26-04-1987,Male, Security,28-03-2006,3037913309,jonuoja@siabesa.af
Christopher,Garza,13-02-1990,Female, Research & Development,14-02-2002,5337907566,somsoed@ih.jo
Erik,Horton,22-10-1972,Female, Quality,19-01-2006,8675151793,funpupic@tikraf.mk
Amelia,Christensen,13-04-1972,Male, Quality,19-11-2007,3302345287,kef@hi.ck
Myrtie,Anderson,26-08-1982,Male, Finance,07-12-2001,3202815587,woliw@eru.lv
Bernard,Baldwin,11-12-1989,Female, Designing,18-07-2006,6076706152,sado@ge.rw
Essie,McGee,26-09-1972,Female, Project,12-04-2004,9049745878,iborotfuf@dirzopocu.bf
Warren,Haynes,22-01-1970,Female, Account,17-09-2007,3328469950,ejiif@pi.bt
Mike,Webster,25-06-1984,Male, Account,23-10-2002,5893969717,misij@lohem.bt
Francisco,Daniels,20-01-1989,Female, Research & Development,12-02-2006,6365276719,magorido@kiccak.sh
Matthew,Chapman,21-09-1989,Male, Packaging,14-04-2005,7082798840,okibo@gatu.ai
Owen,Castro,20-09-1988,Male, Packaging,07-01-2005,7146524502,wo@izepeb.as
Cory,Kelley,27-02-1990,Male, Account,29-05-2001,6797672182,hur@dagolvav.edu
Inez,Fleming,06-10-1982,Male, Procurement,22-09-2002,7016963166,vignaji@egsome.gb
Lloyd,Pena,04-01-1990,Female, Information Technology,12-02-2002,6402934272,ruante@avoha.bm
Carrie,Bowers,29-01-1975,Male, Research & Development,14-09-2007,3106697941,ifo@mo.dm
Mable,Benson,20-03-1972,Male,Maintenance,03-02-2001,2612975256,at@fup.sm
Keith,Weaver,13-12-1980,Female, Marketing & Proposals,04-09-2000,4892651921,ufi@sodipju.rw
Roy,Lloyd,21-11-1988,Female, Inspection,20-02-2000,6757746662,bapu@nu.tg
Ruby,Harper,17-11-1976,Female, Sales,17-09-2003,6607184409,ale@komhat.ck
Joshua,Simon,01-10-1970,Male, Inspection,11-10-2002,4498464936,bosepmuk@dokuticef.tm
Elmer,Barber,22-07-1989,Female, Information Technology,29-02-2004,5207637211,zem@naho.nr
Mitchell,Watson,10-08-1973,Female, Designing,18-07-2005,5704861267,nenev@wep.re
Raymond,Warner,16-10-1985,Male, Inspection,13-08-2001,8255633907,mofdekeg@kapew.pe
Dorothy,Adams,17-11-1987,Female, Procurement,18-06-2000,6246523529,vowuhi@nivawobu.dz
Sue,Wolfe,14-07-1982,Male, Dispatch,09-05-2004,6787379593,dewu@ticot.tt
Ethan,Roberts,01-03-1982,Male, Project,21-08-2005,5587126916,hudpopi@ti.td
Florence,Watts,26-12-1978,Male, Administration,10-08-2005,6738047690,suv@izcuwbe.mt
Clara,Clark,29-05-1989,Female, Research & Development,12-11-2001,5003135742,anuvaraj@pin.nf
Michael,Weber,14-07-1981,Female, Procurement,26-12-2005,7529209628,izacaset@mabpemel.vn
Ricardo,Gray,14-11-1971,Female, Administration,07-11-2005,3335419701,wosakogow@pitlas.mh
Angel,Townsend,01-09-1982,Male, Security,09-05-2006,4569277130,faehrif@bezsedu.eh
Randall,Oliver,25-04-1970,Female, Packaging,01-03-2001,4426344183,iwgocmaf@hulse.io
Cynthia,Howell,01-10-1980,Female,Maintenance,16-08-2004,7342958870,gud@asba.kh
Alma,Bridges,07-06-1985,Male, Store,16-03-2002,9573337897,mibwu@ruldoremo.mu
Scott,Bass,14-11-1982,Female, Information Technology,12-10-2001,4126219116,otmo@kawkew.ga
Donald,Freeman,19-03-1989,Female, Research & Development,22-03-2005,3832825070,mivgekca@da.bg
Christian,Thompson,28-09-1973,Female, Quality,27-11-2005,9346441137,hirsagtob@wutpukiv.an
Joshua,Carr,09-07-1976,Male, Research & Development,18-02-2000,5436073504,dacjijcos@tofezab.ls
Isabelle,Phillips,18-09-1986,Male, Quality,12-02-2004,5046028311,ukdiw@uwage.nu
Fanny,Curtis,19-01-1980,Female, Quality,16-12-2001,9683585354,gaelujih@sisokse.si
Jack,Hunter,20-03-1979,Female, Production,21-05-2007,9402057051,fokiwu@libkiv.ck
Julia,Owens,15-05-1979,Male, Security,16-11-2007,9513906890,doan@niwigva.in
Lee,Singleton,11-09-1982,Female, Security,21-03-2006,9644831056,wozde@lungot.ge
Corey,Lucas,04-10-1971,Female, Information Technology,16-02-2003,3697606719,gisoko@okice.io
Myra,Gonzalez,24-11-1971,Male, Inspection,19-06-2002,4383649288,nekacbad@tone.mu
Bernice,Townsend,20-03-1989,Male, Packaging,01-04-2005,3455125390,oma@cogkiz.tt
Stanley,Chavez,08-05-1989,Male, Inspection,16-05-2004,8188085226,jit@bugzoc.nc
Jessie,Park,09-06-1970,Female, Administration,24-12-2002,9284063130,resgizu@be.tr
Glenn,Sparks,12-07-1976,Female, Human Resource,20-03-2005,2799573218,owrel@muncap.do
Roxie,Gregory,22-09-1976,Male, Human Resource,17-02-2000,3648361367,agoef@kal.no
Marion,Vargas,30-06-1982,Male, Designing,12-12-2001,5212062784,jicjawso@zatu.cc
George,Miller,31-05-1989,Female, Dispatch,09-03-2000,4706775358,to@zo.co
Franklin,Willis,11-08-1976,Female, Project,23-09-2005,4615084271,opinib@zid.gr
Travis,McDaniel,12-12-1973,Male, Sales,18-12-2000,2219149539,dapsihit@fekfekneh.ci
Dale,Howard,16-01-1973,Female, Dispatch,13-04-2002,7175299604,jisewufa@hitcafkis.wf
Justin,Blake,08-10-1971,Female, Project,07-07-2001,6524286657,ho@cuhaworol.sh
Estella,Becker,13-04-1980,Male, Project,18-07-2005,2697275367,fico@serpiwoh.bd
Corey,McGuire,17-11-1976,Female, Administration,02-05-2005,3266701467,gu@sofotji.hr
Elizabeth,Gilbert,04-02-1984,Male, Procurement,17-03-2002,7326699753,ule@edfu.gn
Cora,Dixon,03-02-1977,Male, Information Technology,20-05-2005,7264964547,ni@bowacalew.dz
Joe,Alvarado,01-09-1986,Male, Sales,26-04-2003,4343453467,ak@zifrov.bn
Hilda,Yates,04-11-1971,Female, Project,02-09-2000,4266577144,awuhor@be.ma
Hunter,Walker,23-05-1990,Male, Administration,22-10-2004,5704913094,pum@meb.tz
Lou,Figueroa,05-06-1976,Female, Administration,27-06-2001,8055447578,cuh@mukifi.mx
Joe,Morgan,10-01-1983,Male, Procurement,22-05-2000,4534979367,amdogozi@tef.tj
Marion,Lawson,19-09-1979,Female, Administration,09-04-2005,6329505897,cir@mohud.sb
Lily,Norris,04-11-1983,Male,Maintenance,19-10-2003,7234553422,bujcoawa@do.uk
Lora,Rowe,02-04-1984,Male, Account,26-01-2003,2536522574,mawza@hizni.re
Lilly,Murphy,27-02-1981,Female, Account,09-11-2001,6244692132,duh@fulunvub.il
Lela,Brooks,18-07-1982,Male, Inspection,10-08-2004,7453329434,no@vaku.ca
Jose,Adams,31-10-1988,Male, Administration,19-10-2001,2238812182,jus@naldu.lk
Sam,Barton,17-07-1990,Male, Research & Development,09-06-2005,5596374972,le@vumed.aw
Carlos,Anderson,15-08-1976,Male, Administration,20-03-2005,8768521111,jatlupuk@tumbuv.cr
Noah,French,31-03-1974,Female, Procurement,12-12-2006,7577395217,lininij@wupozema.as
Lottie,Johnston,30-09-1974,Male, Account,06-11-2007,9466393976,biuhoeno@ze.mn
Blanche,Holmes,25-09-1983,Female, Project,08-03-2005,3504397237,sama@ek.net
Ricardo,Sharp,23-12-1984,Female, Marketing & Proposals,25-11-2004,3862167727,negi@ojimecig.co.uk
Dennis,Beck,29-06-1975,Female, Dispatch,17-07-2003,5186915487,oz@sagaga.ms
Christian,Guerrero,02-12-1984,Male, Packaging,18-10-2004,3528754582,kof@ja.ch
Rebecca,Rowe,06-06-1975,Female, Designing,26-12-2005,8359731954,valedaip@benowu.net
Amanda,Thomas,03-04-1976,Female, Marketing & Proposals,26-01-2003,7266052848,jelsopbur@reguug.ro
Steve,Mann,15-02-1979,Male, Information Technology,26-04-2000,7707308931,ranfo@wa.lc
Lida,Lawrence,16-01-1975,Female, Store,14-11-2004,3238544531,atsudi@latrohuf.cc
Ruby,Drake,01-10-1971,Male,Maintenance,22-12-2002,4555894518,alajamhas@zislosas.gi
Cecilia,Vaughn,30-12-1979,Male, Packaging,07-07-2003,2572109362,kapiapa@vujed.ve
Alberta,Marshall,13-06-1985,Female, Store,13-08-2002,3764553845,jimumoj@odwiw.bs
Milton,Berry,16-06-1984,Female, Human Resource,15-02-2006,6643447505,pugivoip@kij.sx
Esther,Lee,08-03-1971,Female, Human Resource,15-11-2004,6714942444,kav@kiin.ee
Juan,Soto,17-10-1988,Male, Research & Development,02-04-2005,9407891665,fov@sigut.kg
Mable,Watkins,16-01-1978,Female, Designing,05-10-2000,8459477093,ga@tucif.ac
Callie,Hale,13-07-1975,Female, Human Resource,16-10-2005,5848734899,fo@pagbis.edu
Bruce,Ruiz,29-03-1986,Male, Procurement,22-03-2000,6432444715,mabeb@ozah.sc
Dean,Figueroa,18-11-1987,Male, Administration,24-12-2003,2665514402,majot@pihevu.ba
Barbara,Sherman,23-02-1981,Female, Human Resource,29-03-2005,2629244642,ihaze@efu.tf
Lydia,Duncan,10-07-1976,Male, Production,05-07-2007,7025747042,vug@vunobeivi.th
Ollie,Holland,16-06-1980,Male, Designing,18-04-2003,3765401907,ofmuude@vo.py
Douglas,Carlson,30-10-1976,Male, Research & Development,02-10-2004,8822416063,ciwliis@uvse.ci
Ian,Williamson,07-08-1980,Male, Dispatch,04-02-2000,8625914907,or@ewve.ky
Hannah,Robbins,29-06-1978,Female, Dispatch,01-02-2001,2886232207,mijcut@lozaptap.gb
Jared,Underwood,04-06-1986,Male, Account,25-11-2007,6847477528,serkendos@tascikca.mk
Kevin,Flores,28-05-1982,Male, Procurement,20-08-2002,3756511356,da@ik.uz
Sean,Ross,14-08-1977,Male, Packaging,02-09-2001,7668813818,taibi@jilabni.ax
Sam,Higgins,19-07-1972,Male, Information Technology,26-05-2000,4878961581,widov@gutodo.io
Beatrice,Freeman,26-06-1977,Female, Procurement,11-12-2005,8617331935,gu@dalup.sm
Dominic,Dunn,08-10-1989,Female,Maintenance,09-06-2000,2569674463,merhoka@osezer.so
Erik,Long,27-04-1986,Female, Packaging,05-01-2000,8278134637,wido@gi.pk
Mable,Rodriguez,11-03-1988,Female, Account,08-11-2005,3616582316,joktav@hafnegil.an
Vernon,Wolfe,02-02-1974,Male, Marketing & Proposals,31-08-2000,9453425691,jaufzev@arfap.sg
Frederick,Bishop,20-02-1990,Male, Administration,18-04-2000,8208281687,sa@wig.by
Katharine,Snyder,11-02-1976,Female, Marketing & Proposals,04-04-2007,4537798382,begibu@mu.ee
Bettie,Sandoval,15-05-1986,Male, Finance,18-08-2002,4237659141,alew@vu.uz
Patrick,Welch,17-03-1979,Female, Security,05-02-2000,8085736905,cuawaji@ukrewsaf.mo
Alexander,Horton,20-02-1976,Male, Procurement,15-11-2001,8253987935,powjehig@siokiab.ug
Gene,Parks,30-01-1981,Female, Research & Development,04-08-2005,3074855294,puob@dewhauf.tr
Warren,Spencer,19-08-1980,Female, Information Technology,16-11-2003,8193827764,se@bi.kr
Lillie,Cohen,06-05-1972,Male, Procurement,27-05-2003,5598637716,bezozuzi@ahdeta.az
Alfred,Cox,31-05-1985,Female, Human Resource,25-05-2003,3142747800,tavripbi@bu.gi
Herman,Wagner,20-09-1985,Male, Sales,30-12-2002,6809626789,kokedpe@beb.ps
Lily,Scott,13-12-1974,Male, Quality,04-07-2000,3546351468,pez@obtob.edu
Ann,Cooper,29-08-1970,Female, Production,10-02-2003,8073164588,sadedom@ma.sy
Emily,Hall,21-07-1987,Male, Designing,23-06-2006,5286063209,zo@figahe.ma
Nettie,Ryan,23-02-1982,Male, Designing,29-09-2007,5684379006,tucedidu@ri.net
Corey,Herrera,05-05-1978,Male, Packaging,09-10-2002,2685381791,leiwewu@sajnothis.so
Jennie,Oliver,15-02-1978,Female, Human Resource,12-04-2001,4622628027,fefeij@go.hn
Leonard,Porter,07-11-1989,Male, Security,27-12-2002,7218635992,keh@fel.cl
Ethan,Ramos,10-07-1987,Male, Dispatch,01-01-2002,5487381327,sel@zij.ec
Alfred,Baker,20-06-1971,Male, Production,23-03-2004,5813955660,fid@dah.pk
Cecelia,Morrison,09-10-1989,Male, Research & Development,22-02-2006,9535968227,pitin@reow.iq
Raymond,Townsend,09-01-1977,Female, Dispatch,08-04-2005,2858078408,ernar@jito.am
Edith,Palmer,18-08-1975,Male, Information Technology,27-09-2000,8426763846,vubig@li.nc
Christine,Bass,09-03-1990,Male, Packaging,31-03-2001,5407598883,isuteji@vos.je
Addie,Fernandez,24-03-1990,Female, Marketing & Proposals,24-01-2003,5019996445,uhic@girti.gh
Gabriel,Barrett,06-08-1987,Male, Security,20-04-2007,5014781798,mir@oci.gb
Nannie,Perry,23-03-1984,Male, Dispatch,02-10-2007,4136507930,zomab@dijfem.gw
Marcus,Cortez,15-07-1989,Male, Research & Development,03-10-2007,5177223008,vote@evumanedo.sk
Tom,Austin,15-12-1976,Female, Designing,25-03-2006,3207425548,rudbutvud@ju.gm
Samuel,Osborne,25-11-1976,Female, Designing,19-04-2001,9109077004,tilzud@ovkioni.sr
Harriett,Pittman,22-09-1978,Male, Finance,04-03-2002,4442339553,pocohfo@esobi.si
Mayme,Sherman,21-07-1977,Female, Human Resource,17-11-2002,6696092034,gazwagac@ocagir.to
Susie,Santiago,17-12-1983,Male, Quality,01-12-2006,8753329915,lidob@resoguzil.st
Alejandro,Poole,26-04-1970,Female, Sales,24-04-2002,8695864983,gibi@lirweg.vg
Russell,Phelps,17-07-1988,Male, Security,01-10-2007,7425998299,vica@farzi.cu
Darrell,Manning,15-09-1986,Female, Quality,25-01-2007,6052912293,oha@gahwu.bw
Gregory,Reed,26-08-1990,Female, Research & Development,17-03-2005,6247509694,utauwi@es.er
Francisco,Gross,11-04-1984,Male, Marketing & Proposals,21-10-2000,9707568132,devuto@zu.mw
Evan,Berry,25-04-1977,Female, Human Resource,26-08-2000,4595463162,suten@wozcajzo.as
Paul,Hughes,04-11-1977,Male, Information Technology,08-04-2007,7567383086,siwabto@cafdusvu.py
Caroline,Roberts,15-03-1984,Female, Finance,22-12-2002,8787938874,vu@tuzoew.sn
Alice,Carlson,07-07-1979,Male, Quality,26-07-2001,4437409230,kehzuzun@pese.tj
Adelaide,Becker,13-11-1983,Male, Procurement,09-02-2003,7235358243,pit@non.za
Trevor,Ramsey,19-08-1977,Female, Security,12-07-2004,9582534532,ihiero@su.dj
