﻿name,location,phone,website,rating
10 Digital,Mumbai,7187791665,http://10digital.in/,0.2
1702 Digital,Mumbai,4548312947,https://www.1702digital.com/,3.8
1 point size,Chennai,4888097092,http://www.1pointsize.com/,3.7
22feet Tribal Worldwide,Mumbai,5058939794,http://22feettribalworldwide.com/,3.9
3 Minds Digital,Mumbai,4803968321,https://www.3mindsdigital.com/,1.3
3iplanet,Udaipur,4422917683,https://www.3iplanet.com/,5.0
3rd Wave Media,Kolkata,8806336542,https://3rdwavemedia.com/,3.0
7 Boats,Kolkata,8635287523,https://www.7boats.com/,4.2
8 Bit Media,Mumbai,9233289608,http://www.8bitmedia.in/,0.6
9 Digital,Delhi NCR,5707337025,https://www.9.digital/,1.6
9DZine,Mumbai,4232328890,https://9dzine.com/,4.3
A&B,Mumbai,9689466693,https://www.aandb.xyz/,1.1
A10 Digital,Banglore,6848065865,http://www.a10digital.com/,2.3
Aaina.co,Banglore,6187683067,https://aania.co/,3.0
Aarav Infotech,Mumbai,7594598375,https://www.aaravinfotech.com/,2.3
,,,,
