﻿part_no,Pack Description,Sub Category,Category,Price,Tax,Discount %
qkLLCM,PONDS WHITE BEAUTY 25G,Skin  Care,Personal Care,64,2.4,4.7
Zkod@&,PONDS DREAMFLOW TALCUM POWDER 50G,Skin  Care,Personal Care,37,6.2,4.2
BnB]tD,PONDS WB DAILY LIGHTENING CREAM 35 GMS,Skin  Care,Personal Care,140,3.5,1.3
JX(RYP,PONDS WHITE BEAUTY FOAM 100ML,Skin  Care,Personal Care,140,8.4,2.4
U)wZl(,PONDS WHITE BEAUTY PWG FOAM 50G,Skin  Care,Personal Care,75,2.2,1.3
8k[Jj[,PONDS WHITE BEAUTY FACE WASH 20GM,Skin  Care,Personal Care,25,2.8,2.3
Y09zb5,FAIR & LOVELY FACE WASH 50G,Skin  Care,Personal Care,55,7.2,4.6
ogkN[k,FAIR & LOVELY MULTI VITA CREAM BIGNOSE 9G,Skin  Care,Personal Care,8,7.2,0.2
UlHla],PONDS WHITE BEAUTY 9 G,Skin  Care,Personal Care,10,5.2,4.9
YBrh&e,SUNSILK BLACK SHAMPOO BOTTLE 400ML,Hair Care,Personal Care,165,5.6,0.8
^k0%NV,SUNSILK PINK SHAMPOO BOTTLE 400 ML,Hair Care,Personal Care,165,3.1,2.0
t$M#o5,CLINICPLUS SHAMPOO BOTT 200ML,Hair Care,Personal Care,75,8.6,3.0
OwyrFw,CLINICPLUS SHAMPOO BOTT 400ML,Hair Care,Personal Care,145,4.2,0.1
rTWU3d,CLINICPLUS SHAMPOO SACHET RS.1,Hair Care,Personal Care,1,1.5,2.0
cuSwNM,SUNSILK BLACK SHAMPOO SACHET RE.1,Hair Care,Personal Care,1,7.4,4.4
TcCtBj,DENIM SHAVING CREAM (T) 70G,Deodorants,Personal Care,65,3.8,4.3
zyW4A6,AXE GOLD TEMPTATION DEO 150 ML,Deodorants,Personal Care,200,1.8,3.8
N!XWap,AXE SIGNATURE BODY PERFUME INTENSE 122 ML,Deodorants,Personal Care,190,1.9,1.4
xV@!Zh,AXE SIGNATURE BODY PERFUME SUAVE 122 ML,Deodorants,Personal Care,190,4.3,1.6
F#wLtY,AXE SIGNATURE BODY PERFUME ROGUE 122 ML,Deodorants,Personal Care,190,3.5,3.7
dLRod@,AXE SIGNATURE BODY PERFUME MYSTERIOUS 122 ML,Deodorants,Personal Care,190,5.8,2.9
$uO%o!,AXE SIGNATURE BODY PERFUME CHAMPION 122 ML,Deodorants,Personal Care,190,9.0,0.7
ux(BLY,AXE SIGNATURE BODY PERFUME MAVERICK 122 ML,Deodorants,Personal Care,190,2.1,1.6
HsDn4f,LAKME CORAL COMPACT CONT. 9G,Lakme,Personal Care,140,9.1,4.2
(436NU,LAKME MARBLE COMPACT CONT. 9G,Lakme,Personal Care,140,0.6,4.8
Poue)s,LAKME PEARL COMPACT CONT. 9G,Lakme,Personal Care,140,5.4,4.1
IHZldO,LAKME PERFCT FINISH CORAL FNDTNBOTT 27ML,Lakme,Personal Care,140,6.0,4.6
6($QBd,LAKME PERFCT FINISH MARBLE FNDTN 27ML,Lakme,Personal Care,140,4.0,4.9
$hjaYy,LAKME PERFCT FINISH PEARL FNDTNBOTT 27ML,Lakme,Personal Care,140,9.5,0.2
kQbprH,LAKME PERFCT FINISH SHELL FNDTNBOTT 27ML,Lakme,Personal Care,140,1.8,4.3
9kFH[m,LAKME SHELL COMPACT CONT. 9G,Lakme,Personal Care,140,7.0,2.3
q4imcc,NEW LAKME ABS MAT SN MOUSSE16H 25G01IVRY FAIR,Lakme,Personal Care,700,3.2,2.4
nR!d)1,NEW LAKME ABS MAT SN MOUSSE16H 25G03GLDN MD,Lakme,Personal Care,700,0.4,2.4
m[s4Zw,LAKME EYECONIC KAJAL 0.35G,Lakme,Personal Care,170,0.9,3.2
iLs@%n,LAKME LIP LOVE LIP CARE CHERRY 3.8GM,Lakme,Personal Care,180,3.1,0.9
I33NqV,LAKME 9TO5 P + M COMPACT IVORY CREAM 9G,Lakme,Personal Care,550,8.2,1.3
JDi#A^,LAKME 9TO5 P + M COMPACT SILAKMEY GOLDEN 9G,Lakme,Personal Care,550,2.5,2.8
ulQCYb,WHEEL BLUE POWDER 500 GM,Laundry,Home Care,24,1.4,2.3
3cw!*0,WHEEL BLUE POWDER 1KG,Laundry,Home Care,48,1.9,0.7
oC*xjC,WHEEL GREEN POWDER 1KG,Laundry,Home Care,48,6.5,4.9
8j6An7,ALA BLEACH 500ML,Laundry,Home Care,52,0.8,2.1
vBlace,RIN ADVANCED POWDER 1 KG,Laundry,Home Care,70,3.3,2.5
d*Sqkn,SURF EXCEL BLUE POWDER 500G,Laundry,Home Care,52,9.2,2.4
h8VU$j,SURF EXCEL BLUE POWDER 1.5KG,Laundry,Home Care,162,6.0,0.9
Cci)Fw,SURF EXCEL BLUE POWDER 4KG,Laundry,Home Care,432,9.4,0.9
#^GAT2,SURF EXCEL QUICK WASH POWDER 500G,Laundry,Home Care,93,9.3,2.9
s3x[Rd,SURF EXCEL QW 1K,Laundry,Home Care,185,2.1,4.0
lDLo6s,SURF EXCEL MATIC TOP LOAD 2 KG,Laundry,Home Care,405,9.5,0.2
O8M6pT,SURF EXCEL BLUE POWDER 3.3 KG,Laundry,Home Care,324,5.0,2.1
#dSZ2i,SURF EXCEL MATIC FRONT LOAD 2 KG,Laundry,Home Care,450,8.4,4.9
f9aJIa,SURF EXCEL MATIC FRONT LOAD 1 KG,Laundry,Home Care,225,3.3,4.8
ozuoO8,RIN ADVANCED POWDER 1 KG,Laundry,Home Care,76,2.9,3.8
ouD3$s,SURF EXCEL BLUE PWD 1KG,Laundry,Home Care,104,6.2,4.0
[qrPJj,WHEEL GREEN POWDER RS.10,Laundry,Home Care,10,9.7,4.2
82g[a5,WHEEL BLUE POWDER 01 RS.10,Laundry,Home Care,10,4.9,2.2
qrxOX1,WHEEL BLUE POWDER Rs 5,Laundry,Home Care,5,9.7,4.0
VQ]fqO,SUNLIGHT EB POWDER RS.10,Laundry,Home Care,10,6.6,0.1
As2HSc,COMFORT BLUE BOTTLE 200 ML,Laundry,Home Care,55,0.4,4.1
kB[^fX,SURF EXCEL QUICK WASH POWDER RS 10,Laundry,Home Care,10,6.8,3.3
qq%G3S,SURF EXCEL EASYWASH RS10,Laundry,Home Care,10,4.5,4.4
TGs*jm,VIM BAR POLY MP RS 45,Household Care,Home Care,45,4.2,2.9
LC&dyI,VIM BAR POLY 300 GM,Household Care,Home Care,20,4.8,0.6
AuN9hT,VIM BAR NSD RS 5,Household Care,Home Care,5,0.8,4.8
1&]sVD,VIM BAR POLY RS 10,Household Care,Home Care,10,3.6,4.9
%t@wdB,VIM BAR POLY MP RS 30,Household Care,Home Care,30,5.6,1.7
7x1fMC,BEST FOODS VEG MAYONNAISE BAG 1KG,Foods,Foods,137,6.6,2.0
f9Aw1c,AROMAT SEASONING 500G,Foods,Foods,198,3.9,3.9
VQ%elg,KNORR LIME SEASONING MIX 500G,Foods,Foods,220,1.5,3.9
MJ3$@[,BRU INSTANT 50 GM,Coffee,Refreshments,85,4.8,3.4
828^BH,BRU INSTANT POLY RS.2,Coffee,Refreshments,2,1.1,4.4
TqvG!K,BRU INSTANT POLY RS.10,Coffee,Refreshments,10,5.0,1.7
ud5bbg,BRU INSTANT POLY RS.3,Coffee,Refreshments,3,7.9,4.1
